,Unnamed: 0,Unnamed: 1,Unnamed: 2,Unnamed: 3,Unnamed: 4,Unnamed: 5,Unnamed: 6,E / V,e / (A s-1/2)
0,,,,,,,,-0.089386,-0.0214899
1,,,,,,,,-0.0904541,-0.0161894
2,,,,,,,,-0.0915527,-0.0109216
3,,,,,,,,-0.0926208,-0.00660517
4,,,,,,,,-0.0936279,-0.00420921
5,,,,,,,,-0.0947571,-0.00472564
6,,,,,,,,-0.0959167,-0.00439914
7,,,,,,,,-0.0969238,-0.00407005
8,,,,,,,,-0.0979614,-0.00378782
9,,,,,,,,-0.0990601,-0.00356303
10,,,,,,,,-0.100067,-0.00336437
11,,,,,,,,-0.101135,-0.00318617
12,,,,,,,,-0.102142,-0.0030364
13,,,,,,,,-0.103271,-0.00291149
14,,,,,,,,-0.104309,-0.00279368
15,,,,,,,,-0.105438,-0.00267381
16,,,,,,,,-0.106476,-0.0025803
17,,,,,,,,-0.107513,-0.00250892
18,,,,,,,,-0.108582,-0.00241854
19,,,,,,,,-0.109711,-0.0023301
20,,,,,,,,-0.110779,-0.00227138
21,,,,,,,,-0.111847,-0.00221202
22,,,,,,,,-0.112854,-0.00213365
23,,,,,,,,-0.113861,-0.00206701
24,,,,,,,,-0.11496,-0.00203077
25,,,,,,,,-0.116058,-0.00199057
26,,,,,,,,-0.117157,-0.00192567
27,,,,,,,,-0.118225,-0.00187267
28,,,,,,,,-0.119232,-0.00184162
29,,,,,,,,-0.120361,-0.00180073
30,,,,,,,,-0.121399,-0.0017468
31,,,,,,,,-0.122467,-0.00171251
32,,,,,,,,-0.123535,-0.00168884
33,,,,,,,,-0.124664,-0.00165448
34,,,,,,,,-0.125732,-0.00161931
35,,,,,,,,-0.12674,-0.00158428
36,,,,,,,,-0.127747,-0.00155366
37,,,,,,,,-0.128937,-0.00152953
38,,,,,,,,-0.129944,-0.00150001
39,,,,,,,,-0.131012,-0.00146861
40,,,,,,,,-0.13205,-0.0014431
41,,,,,,,,-0.133179,-0.00141984
42,,,,,,,,-0.134155,-0.00139402
43,,,,,,,,-0.135254,-0.00136583
44,,,,,,,,-0.136292,-0.001343
45,,,,,,,,-0.13739,-0.00132555
46,,,,,,,,-0.138458,-0.00130264
47,,,,,,,,-0.139557,-0.00127614
48,,,,,,,,-0.140594,-0.00125604
49,,,,,,,,-0.141663,-0.00123941
50,,,,,,,,-0.142822,-0.00121781
51,,,,,,,,-0.143829,-0.00119513
52,,,,,,,,-0.144897,-0.00117762
53,,,,,,,,-0.145966,-0.00116175
54,,,,,,,,-0.147034,-0.00114166
55,,,,,,,,-0.148071,-0.00112224
56,,,,,,,,-0.14917,-0.0011079
57,,,,,,,,-0.150177,-0.00109417
58,,,,,,,,-0.151306,-0.00107779
59,,,,,,,,-0.152313,-0.00106251
60,,,,,,,,-0.153442,-0.00104998
61,,,,,,,,-0.154449,-0.00103415
62,,,,,,,,-0.155548,-0.00102133
63,,,,,,,,-0.156616,-0.0010139
64,,,,,,,,-0.157684,-0.000997426
65,,,,,,,,-0.158752,-0.000977509
66,,,,,,,,-0.159821,-0.000968746
67,,,,,,,,-0.160919,-0.000958075
68,,,,,,,,-0.161926,-0.000936898
69,,,,,,,,-0.162933,-0.000922363
70,,,,,,,,-0.164093,-0.000919414
71,,,,,,,,-0.165131,-0.000910149
72,,,,,,,,-0.166168,-0.000891117
73,,,,,,,,-0.167267,-0.000879656
74,,,,,,,,-0.168365,-0.000876157
75,,,,,,,,-0.169434,-0.000865232
76,,,,,,,,-0.170502,-0.000850954
77,,,,,,,,-0.171509,-0.000846809
78,,,,,,,,-0.172577,-0.000841013
79,,,,,,,,-0.173645,-0.000825891
80,,,,,,,,-0.174744,-0.000816071
81,,,,,,,,-0.175842,-0.000809216
82,,,,,,,,-0.176849,-0.000797317
83,,,,,,,,-0.177917,-0.000787956
84,,,,,,,,-0.179016,-0.00078333
85,,,,,,,,-0.180023,-0.000776215
86,,,,,,,,-0.181091,-0.000764316
87,,,,,,,,-0.18219,-0.000754499
88,,,,,,,,-0.183289,-0.000749053
89,,,,,,,,-0.184357,-0.000741467
90,,,,,,,,-0.185364,-0.00073256
91,,,,,,,,-0.186462,-0.000727344
92,,,,,,,,-0.187531,-0.000723834
93,,,,,,,,-0.188568,-0.000717976
94,,,,,,,,-0.189636,-0.000709276
95,,,,,,,,-0.190735,-0.000702941
96,,,,,,,,-0.191772,-0.000699346
97,,,,,,,,-0.192841,-0.000692871
98,,,,,,,,-0.193939,-0.000683811
99,,,,,,,,-0.195007,-0.000676385
100,,,,,,,,-0.196075,-0.000671559
101,,,,,,,,-0.197174,-0.000667473
102,,,,,,,,-0.198181,-0.000661787
103,,,,,,,,-0.19931,-0.000656931
104,,,,,,,,-0.200317,-0.000655761
105,,,,,,,,-0.201416,-0.000652846
106,,,,,,,,-0.202545,-0.000644996
107,,,,,,,,-0.203461,-0.000638241
108,,,,,,,,-0.204559,-0.000635369
109,,,,,,,,-0.205658,-0.000635467
110,,,,,,,,-0.206757,-0.000628693
111,,,,,,,,-0.207794,-0.000616645
112,,,,,,,,-0.208893,-0.000616619
113,,,,,,,,-0.209961,-0.000617412
114,,,,,,,,-0.210938,-0.000607586
115,,,,,,,,-0.212067,-0.000603328
116,,,,,,,,-0.213196,-0.000608398
117,,,,,,,,-0.214142,-0.000609157
118,,,,,,,,-0.215271,-0.000601537
119,,,,,,,,-0.216278,-0.000595959
120,,,,,,,,-0.217407,-0.000599006
121,,,,,,,,-0.218445,-0.000598376
122,,,,,,,,-0.219482,-0.00059054
123,,,,,,,,-0.220612,-0.000588965
124,,,,,,,,-0.22171,-0.000591632
125,,,,,,,,-0.222748,-0.000586879
126,,,,,,,,-0.223724,-0.000581898
127,,,,,,,,-0.224823,-0.000580988
128,,,,,,,,-0.225891,-0.000579113
129,,,,,,,,-0.22699,-0.000577004
130,,,,,,,,-0.228027,-0.000575661
131,,,,,,,,-0.229126,-0.00057577
132,,,,,,,,-0.230194,-0.000576919
133,,,,,,,,-0.231262,-0.000576819
134,,,,,,,,-0.232361,-0.000573969
135,,,,,,,,-0.233368,-0.0005725
136,,,,,,,,-0.234375,-0.000573369
137,,,,,,,,-0.235504,-0.000572285
138,,,,,,,,-0.236542,-0.000570986
139,,,,,,,,-0.23764,-0.00057139
140,,,,,,,,-0.238739,-0.000574015
141,,,,,,,,-0.239777,-0.000575403
142,,,,,,,,-0.240845,-0.000573244
143,,,,,,,,-0.241882,-0.000573491
144,,,,,,,,-0.24295,-0.000576991
145,,,,,,,,-0.244019,-0.000578123
146,,,,,,,,-0.245087,-0.000577501
147,,,,,,,,-0.246124,-0.000579278
148,,,,,,,,-0.247223,-0.00058325
149,,,,,,,,-0.248291,-0.000585164
150,,,,,,,,-0.249329,-0.000585157
151,,,,,,,,-0.250397,-0.000586931
152,,,,,,,,-0.251434,-0.000590622
153,,,,,,,,-0.252502,-0.000592722
154,,,,,,,,-0.253662,-0.000594094
155,,,,,,,,-0.25473,-0.000600686
156,,,,,,,,-0.255737,-0.000605503
157,,,,,,,,-0.256866,-0.000604539
158,,,,,,,,-0.257935,-0.000607578
159,,,,,,,,-0.258911,-0.000614725
160,,,,,,,,-0.259979,-0.000617887
161,,,,,,,,-0.261078,-0.00061901
162,,,,,,,,-0.262207,-0.000625423
163,,,,,,,,-0.263275,-0.00063243
164,,,,,,,,-0.264252,-0.000634873
165,,,,,,,,-0.26532,-0.000636273
166,,,,,,,,-0.266418,-0.000642828
167,,,,,,,,-0.267426,-0.000652712
168,,,,,,,,-0.268555,-0.000657837
169,,,,,,,,-0.269653,-0.000662064
170,,,,,,,,-0.27066,-0.000670006
171,,,,,,,,-0.271729,-0.000675446
172,,,,,,,,-0.272827,-0.000681921
173,,,,,,,,-0.273865,-0.000690973
174,,,,,,,,-0.274933,-0.000698864
175,,,,,,,,-0.276031,-0.000708076
176,,,,,,,,-0.2771,-0.000716295
177,,,,,,,,-0.278198,-0.000719812
178,,,,,,,,-0.279205,-0.000721572
179,,,,,,,,-0.280273,-0.000724884
180,,,,,,,,-0.281342,-0.000730039
181,,,,,,,,-0.28244,-0.000737063
182,,,,,,,,-0.283478,-0.000744402
183,,,,,,,,-0.284546,-0.000753849
184,,,,,,,,-0.285614,-0.000762847
185,,,,,,,,-0.286682,-0.000770043
186,,,,,,,,-0.287781,-0.000780217
187,,,,,,,,-0.288849,-0.000791865
188,,,,,,,,-0.289856,-0.000799787
189,,,,,,,,-0.290924,-0.000804717
190,,,,,,,,-0.291962,-0.000808138
191,,,,,,,,-0.293091,-0.000812112
192,,,,,,,,-0.294159,-0.000817477
193,,,,,,,,-0.295197,-0.000856476
194,,,,,,,,-0.296326,-0.000892141
195,,,,,,,,-0.297394,-0.000853444
196,,,,,,,,-0.298431,-0.000743853
197,,,,,,,,-0.2995,-0.000582283
198,,,,,,,,-0.298401,-0.000393475
199,,,,,,,,-0.297363,-0.000207311
200,,,,,,,,-0.296295,-6.25566e-05
201,,,,,,,,-0.295227,2.70309e-06
202,,,,,,,,-0.294159,3.16538e-05
203,,,,,,,,-0.29303,7.30886e-05
204,,,,,,,,-0.292053,0.000103186
205,,,,,,,,-0.290924,0.000120674
206,,,,,,,,-0.289856,0.000140437
207,,,,,,,,-0.288849,0.000160728
208,,,,,,,,-0.28772,0.000173958
209,,,,,,,,-0.286682,0.000188983
210,,,,,,,,-0.285645,0.0002042
211,,,,,,,,-0.284546,0.000212863
212,,,,,,,,-0.283417,0.000212497
213,,,,,,,,-0.28241,0.000211603
214,,,,,,,,-0.281372,0.000219896
215,,,,,,,,-0.280304,0.0002282
216,,,,,,,,-0.279205,0.000230426
217,,,,,,,,-0.278198,0.000231999
218,,,,,,,,-0.27713,0.000233145
219,,,,,,,,-0.276001,0.000229762
220,,,,,,,,-0.274994,0.000228411
221,,,,,,,,-0.273926,0.000232263
222,,,,,,,,-0.272827,0.000236982
223,,,,,,,,-0.271759,0.000237903
224,,,,,,,,-0.270691,0.000233811
225,,,,,,,,-0.269623,0.000231037
226,,,,,,,,-0.268555,0.000232144
227,,,,,,,,-0.267456,0.000233944
228,,,,,,,,-0.266388,0.000233882
229,,,,,,,,-0.26535,0.000233212
230,,,,,,,,-0.264313,0.000231614
231,,,,,,,,-0.263245,0.00022415
232,,,,,,,,-0.262177,0.000217242
233,,,,,,,,-0.261108,0.000219831
234,,,,,,,,-0.26004,0.000222854
235,,,,,,,,-0.259003,0.000219062
236,,,,,,,,-0.257904,0.000213574
237,,,,,,,,-0.256805,0.00021338
238,,,,,,,,-0.255798,0.000214781
239,,,,,,,,-0.25473,0.000211945
240,,,,,,,,-0.253571,0.000211486
241,,,,,,,,-0.252625,0.000214261
242,,,,,,,,-0.251465,0.000213233
243,,,,,,,,-0.250427,0.000206743
244,,,,,,,,-0.24939,0.000202502
245,,,,,,,,-0.248291,0.000204733
246,,,,,,,,-0.247223,0.000206362
247,,,,,,,,-0.246155,0.000203232
248,,,,,,,,-0.244995,0.000200497
249,,,,,,,,-0.243988,0.000201634
250,,,,,,,,-0.242889,0.000200749
251,,,,,,,,-0.241882,0.000194552
252,,,,,,,,-0.240906,0.000194436
253,,,,,,,,-0.239746,0.00019952
254,,,,,,,,-0.238678,0.000195669
255,,,,,,,,-0.237671,0.000188923
256,,,,,,,,-0.236542,0.000192366
257,,,,,,,,-0.235504,0.000198109
258,,,,,,,,-0.234467,0.000195837
259,,,,,,,,-0.233368,0.000190083
260,,,,,,,,-0.232269,0.000190933
261,,,,,,,,-0.231232,0.000194019
262,,,,,,,,-0.230103,0.000188956
263,,,,,,,,-0.229156,0.000186475
264,,,,,,,,-0.228027,0.000193636
265,,,,,,,,-0.22699,0.000195885
266,,,,,,,,-0.225891,0.000193955
267,,,,,,,,-0.224854,0.000192462
268,,,,,,,,-0.223846,0.000190964
269,,,,,,,,-0.222687,0.00019327
270,,,,,,,,-0.221588,0.000194212
271,,,,,,,,-0.220551,0.000194458
272,,,,,,,,-0.219482,0.000195443
273,,,,,,,,-0.218445,0.000196678
274,,,,,,,,-0.217407,0.000197502
275,,,,,,,,-0.216339,0.000196258
276,,,,,,,,-0.215179,0.000198212
277,,,,,,,,-0.214203,0.000202522
278,,,,,,,,-0.213165,0.000202729
279,,,,,,,,-0.212067,0.000201817
280,,,,,,,,-0.210999,0.000202939
281,,,,,,,,-0.20993,0.000206134
282,,,,,,,,-0.208862,0.000207151
283,,,,,,,,-0.207855,0.000205541
284,,,,,,,,-0.206726,0.000208159
285,,,,,,,,-0.205658,0.000211214
286,,,,,,,,-0.20459,0.000210397
287,,,,,,,,-0.203552,0.000211146
288,,,,,,,,-0.202515,0.000214975
289,,,,,,,,-0.201447,0.000217991
290,,,,,,,,-0.200348,0.000219312
291,,,,,,,,-0.19931,0.000220377
292,,,,,,,,-0.198181,0.000223918
293,,,,,,,,-0.197083,0.000228111
294,,,,,,,,-0.196045,0.000230225
295,,,,,,,,-0.195007,0.000234347
296,,,,,,,,-0.193909,0.000237045
297,,,,,,,,-0.192871,0.000233011
298,,,,,,,,-0.191833,0.0002336
299,,,,,,,,-0.190765,0.000241106
300,,,,,,,,-0.189667,0.000243962
301,,,,,,,,-0.188568,0.000244443
302,,,,,,,,-0.187469,0.00025238
303,,,,,,,,-0.186432,0.000258122
304,,,,,,,,-0.185394,0.000256411
305,,,,,,,,-0.184296,0.000255751
306,,,,,,,,-0.183167,0.00026235
307,,,,,,,,-0.18219,0.000269172
308,,,,,,,,-0.181122,0.00026888
309,,,,,,,,-0.180054,0.000271378
310,,,,,,,,-0.179077,0.000278291
311,,,,,,,,-0.177917,0.000278548
312,,,,,,,,-0.176819,0.000280631
313,,,,,,,,-0.175812,0.000290434
314,,,,,,,,-0.174713,0.000296197
315,,,,,,,,-0.173676,0.00029761
316,,,,,,,,-0.172638,0.000300811
317,,,,,,,,-0.1716,0.000303938
318,,,,,,,,-0.170441,0.000303331
319,,,,,,,,-0.169342,0.000305249
320,,,,,,,,-0.168335,0.000312886
321,,,,,,,,-0.167236,0.000320641
322,,,,,,,,-0.166168,0.000323757
323,,,,,,,,-0.165161,0.000326712
324,,,,,,,,-0.164093,0.000331538
325,,,,,,,,-0.162994,0.000336566
326,,,,,,,,-0.161957,0.000341763
327,,,,,,,,-0.160858,0.00034734
328,,,,,,,,-0.159821,0.000353739
329,,,,,,,,-0.158813,0.000358762
330,,,,,,,,-0.157684,0.000362194
331,,,,,,,,-0.156616,0.000365822
332,,,,,,,,-0.155548,0.000371047
333,,,,,,,,-0.15448,0.000379242
334,,,,,,,,-0.153381,0.000385049
335,,,,,,,,-0.152344,0.000387748
336,,,,,,,,-0.151276,0.000393787
337,,,,,,,,-0.150238,0.000402778
338,,,,,,,,-0.1492,0.000409064
339,,,,,,,,-0.148041,0.000412041
340,,,,,,,,-0.147064,0.000419319
341,,,,,,,,-0.145996,0.0004276
342,,,,,,,,-0.144867,0.000433563
343,,,,,,,,-0.143799,0.0004313
344,,,,,,,,-0.142792,0.000435492
345,,,,,,,,-0.141693,0.000455748
346,,,,,,,,-0.140594,0.000461205
347,,,,,,,,-0.139557,0.000453367
348,,,,,,,,-0.138489,0.000466095
349,,,,,,,,-0.137421,0.000486132
350,,,,,,,,-0.136383,0.00048383
351,,,,,,,,-0.135254,0.000478235
352,,,,,,,,-0.134216,0.000492375
353,,,,,,,,-0.133118,0.000511588
354,,,,,,,,-0.13205,0.00051184
355,,,,,,,,-0.131012,0.000508173
356,,,,,,,,-0.129883,0.000526382
357,,,,,,,,-0.128906,0.000543116
358,,,,,,,,-0.127777,0.000537354
359,,,,,,,,-0.12677,0.000540664
360,,,,,,,,-0.125732,0.000554932
361,,,,,,,,-0.124664,0.000563366
362,,,,,,,,-0.123596,0.000570343
363,,,,,,,,-0.122528,0.000577713
364,,,,,,,,-0.121429,0.000587767
365,,,,,,,,-0.120361,0.000597865
366,,,,,,,,-0.119263,0.000603127
367,,,,,,,,-0.118225,0.000607532
368,,,,,,,,-0.117157,0.000617935
369,,,,,,,,-0.116089,0.000631222
370,,,,,,,,-0.11499,0.000640557
371,,,,,,,,-0.113922,0.000645926
372,,,,,,,,-0.112854,0.000654927
373,,,,,,,,-0.111786,0.000666236
374,,,,,,,,-0.110718,0.000670705
375,,,,,,,,-0.10968,0.000675643
376,,,,,,,,-0.108612,0.000689781
377,,,,,,,,-0.107574,0.00070378
378,,,,,,,,-0.106506,0.000709746
379,,,,,,,,-0.105347,0.000713499
380,,,,,,,,-0.10434,0.000727142
381,,,,,,,,-0.103302,0.000742412
382,,,,,,,,-0.102264,0.000747688
383,,,,,,,,-0.101196,0.000754856
384,,,,,,,,-0.100067,0.000769472
385,,,,,,,,-0.0990295,0.000781437
386,,,,,,,,-0.0979614,0.000786591
387,,,,,,,,-0.0969238,0.000793212
388,,,,,,,,-0.0957947,0.00081023
389,,,,,,,,-0.0947571,0.00082118
390,,,,,,,,-0.09375,0.000826406
391,,,,,,,,-0.0926208,0.000850763
392,,,,,,,,-0.0915222,0.000869135
393,,,,,,,,-0.0904846,0.000863276
394,,,,,,,,-0.0894165,0.000868436
395,,,,,,,,-0.0884094,0.000889492
396,,,,,,,,-0.0872803,0.000890903
397,,,,,,,,-0.0862122,0.000887321
398,,,,,,,,-0.0851746,0.00090495
399,,,,,,,,-0.084198,0.000933503
400,,,,,,,,-0.0830383,0.000947308
401,,,,,,,,-0.0819702,0.000947454
402,,,,,,,,-0.0808716,0.000964322
403,,,,,,,,-0.0798645,0.000983765
404,,,,,,,,-0.0787354,0.000983679
405,,,,,,,,-0.0776672,0.000992695
406,,,,,,,,-0.0766296,0.00100884
407,,,,,,,,-0.075531,0.00101758
408,,,,,,,,-0.0744934,0.00103563
409,,,,,,,,-0.0734558,0.00105233
410,,,,,,,,-0.0723572,0.00105825
411,,,,,,,,-0.0713501,0.00106528
412,,,,,,,,-0.0702515,0.00108499
413,,,,,,,,-0.0691528,0.00110292
414,,,,,,,,-0.0680847,0.00110776
415,,,,,,,,-0.0670166,0.00111892
416,,,,,,,,-0.065979,0.00114137
417,,,,,,,,-0.0649109,0.00115595
418,,,,,,,,-0.0638733,0.00116234
419,,,,,,,,-0.0628052,0.00117129
420,,,,,,,,-0.0617065,0.0011889
421,,,,,,,,-0.0606995,0.00120388
422,,,,,,,,-0.0595398,0.0012095
423,,,,,,,,-0.0585327,0.00122126
424,,,,,,,,-0.0574646,0.00124253
425,,,,,,,,-0.0563354,0.00125855
426,,,,,,,,-0.0552673,0.0012676
427,,,,,,,,-0.0542603,0.00127787
428,,,,,,,,-0.0531921,0.00129486
429,,,,,,,,-0.0520935,0.00131181
430,,,,,,,,-0.0509949,0.00131872
431,,,,,,,,-0.0500488,0.00132707
432,,,,,,,,-0.0488892,0.00134741
433,,,,,,,,-0.0478058,0.0013681
434,,,,,,,,-0.0467468,0.00137589
435,,,,,,,,-0.0457062,0.00138675
436,,,,,,,,-0.0446411,0.00140385
437,,,,,,,,-0.0435425,0.00143799
438,,,,,,,,-0.0424988,0.0014594
439,,,,,,,,-0.0414581,0.00144398
440,,,,,,,,-0.0403778,0.00146286
441,,,,,,,,-0.0392914,0.00149466
442,,,,,,,,-0.0382141,0.00149622
443,,,,,,,,-0.0371704,0.00150518
444,,,,,,,,-0.0361023,0.00152563
445,,,,,,,,-0.0350006,0.00155618
446,,,,,,,,-0.0339417,0.00156133
447,,,,,,,,-0.0328949,0.0015459
448,,,,,,,,-0.0318298,0.00157593
449,,,,,,,,-0.0307251,0.00160234
450,,,,,,,,-0.0296906,0.00160331
451,,,,,,,,-0.028653,0.00162084
452,,,,,,,,-0.0275787,0.00164434
453,,,,,,,,-0.0264771,0.00165792
454,,,,,,,,-0.0254303,0.00166484
455,,,,,,,,-0.0243958,0.00168242
456,,,,,,,,-0.0233063,0.00170807
457,,,,,,,,-0.0222229,0.00172292
458,,,,,,,,-0.021167,0.00173022
459,,,,,,,,-0.0201233,0.00174529
460,,,,,,,,-0.0190704,0.00176486
461,,,,,,,,-0.0179535,0.00177854
462,,,,,,,,-0.0169037,0.00178528
463,,,,,,,,-0.0158447,0.00179858
464,,,,,,,,-0.0147888,0.00182312
465,,,,,,,,-0.0136841,0.00184102
466,,,,,,,,-0.012619,0.00184927
467,,,,,,,,-0.0115906,0.00186061
468,,,,,,,,-0.0105042,0.00188246
469,,,,,,,,-0.00942993,0.00189938
470,,,,,,,,-0.00838013,0.00190448
471,,,,,,,,-0.00732422,0.00191777
472,,,,,,,,-0.00628052,0.00194426
473,,,,,,,,-0.00518799,0.00196194
474,,,,,,,,-0.00409851,0.00196419
475,,,,,,,,-0.00308228,0.00197396
476,,,,,,,,-0.00202026,0.00200107
477,,,,,,,,-0.00090332,0.00202055
478,,,,,,,,0.000140381,0.00202388
479,,,,,,,,0.00119934,0.0020422
480,,,,,,,,0.0022583,0.00207027
481,,,,,,,,0.00339661,0.00208113
482,,,,,,,,0.004422,0.00207963
483,,,,,,,,0.0054657,0.00209668
484,,,,,,,,0.00654602,0.00212507
485,,,,,,,,0.00766907,0.00210602
486,,,,,,,,0.00871277,0.00209128
487,,,,,,,,0.00976257,0.00214789
488,,,,,,,,0.0108185,0.00218164
489,,,,,,,,0.011908,0.00216247
490,,,,,,,,0.012973,0.00218382
491,,,,,,,,0.0140381,0.00224393
492,,,,,,,,0.015097,0.0022403
493,,,,,,,,0.0161957,0.00220291
494,,,,,,,,0.0172333,0.00222093
495,,,,,,,,0.0182861,0.00227198
496,,,,,,,,0.0193542,0.00228191
497,,,,,,,,0.0204651,0.00226279
498,,,,,,,,0.021524,0.00229001
499,,,,,,,,0.0225677,0.0023221
500,,,,,,,,0.0236389,0.00230749
501,,,,,,,,0.0247498,0.00231052
502,,,,,,,,0.0257813,0.00232518
503,,,,,,,,0.0268372,0.0023319
504,,,,,,,,0.0279114,0.00235421
505,,,,,,,,0.0289948,0.00236186
506,,,,,,,,0.0300446,0.00235883
507,,,,,,,,0.0311127,0.00237357
508,,,,,,,,0.0321777,0.00239676
509,,,,,,,,0.0332581,0.00239998
510,,,,,,,,0.0343323,0.00239314
511,,,,,,,,0.035379,0.00240494
512,,,,,,,,0.0364807,0.00242731
513,,,,,,,,0.037558,0.00242938
514,,,,,,,,0.0385956,0.00242584
515,,,,,,,,0.0396576,0.00244204
516,,,,,,,,0.0407501,0.00245667
517,,,,,,,,0.0418213,0.00245448
518,,,,,,,,0.0428772,0.00245242
519,,,,,,,,0.0439362,0.0024678
520,,,,,,,,0.0450348,0.00248362
521,,,,,,,,0.0461151,0.00247875
522,,,,,,,,0.0471436,0.00247339
523,,,,,,,,0.0482117,0.00247824
524,,,,,,,,0.0493103,0.00248426
525,,,,,,,,0.0503845,0.00248429
526,,,,,,,,0.0514221,0.00248224
527,,,,,,,,0.0524902,0.00249115
528,,,,,,,,0.0534973,0.00250087
529,,,,,,,,0.054718,0.00249516
530,,,,,,,,0.0556946,0.00250416
531,,,,,,,,0.0567322,0.00249181
532,,,,,,,,0.0578613,0.00247028
533,,,,,,,,0.0588989,0.00249997
534,,,,,,,,0.059967,0.00250867
535,,,,,,,,0.0609741,0.00248205
536,,,,,,,,0.0620728,0.00249487
537,,,,,,,,0.0632629,0.00252876
538,,,,,,,,0.06427,0.00251993
539,,,,,,,,0.0653076,0.00247209
540,,,,,,,,0.0664063,0.00245867
541,,,,,,,,0.0674744,0.00248883
542,,,,,,,,0.068512,0.00247449
543,,,,,,,,0.0696106,0.00244559
544,,,,,,,,0.0706482,0.00247694
545,,,,,,,,0.0717163,0.00250577
546,,,,,,,,0.0727234,0.0024764
547,,,,,,,,0.0738525,0.00246016
548,,,,,,,,0.0749817,0.00246684
549,,,,,,,,0.0760498,0.00245382
550,,,,,,,,0.0770264,0.00243916
551,,,,,,,,0.078125,0.00244041
552,,,,,,,,0.0791931,0.0024446
553,,,,,,,,0.0802917,0.00243381
554,,,,,,,,0.0813904,0.00242071
555,,,,,,,,0.082428,0.00241968
556,,,,,,,,0.0835571,0.00241843
557,,,,,,,,0.0846252,0.00240547
558,,,,,,,,0.0856323,0.00239198
559,,,,,,,,0.0866394,0.00238834
560,,,,,,,,0.087738,0.0023839
561,,,,,,,,0.0888977,0.00236912
562,,,,,,,,0.0899353,0.00235301
563,,,,,,,,0.0909729,0.00234535
564,,,,,,,,0.092041,0.00234434
565,,,,,,,,0.0931702,0.00233289
566,,,,,,,,0.0941772,0.00231451
567,,,,,,,,0.0952454,0.00230921
568,,,,,,,,0.096283,0.00230717
569,,,,,,,,0.0973511,0.00229193
570,,,,,,,,0.0983887,0.00227434
571,,,,,,,,0.0995178,0.00227006
572,,,,,,,,0.100647,0.00226796
573,,,,,,,,0.101624,0.00224916
574,,,,,,,,0.102692,0.00222848
575,,,,,,,,0.10376,0.00221918
576,,,,,,,,0.104858,0.00222513
577,,,,,,,,0.105896,0.00220252
578,,,,,,,,0.106995,0.00215939
579,,,,,,,,0.108032,0.00217188
580,,,,,,,,0.109131,0.00218299
581,,,,,,,,0.110168,0.0021382
582,,,,,,,,0.111267,0.00211419
583,,,,,,,,0.112366,0.00213632
584,,,,,,,,0.113403,0.00214021
585,,,,,,,,0.114471,0.00209521
586,,,,,,,,0.115479,0.00205662
587,,,,,,,,0.116638,0.00207382
588,,,,,,,,0.117676,0.00207265
589,,,,,,,,0.118744,0.00202888
590,,,,,,,,0.119781,0.00202141
591,,,,,,,,0.12085,0.00204171
592,,,,,,,,0.122009,0.00202446
593,,,,,,,,0.123016,0.00199206
594,,,,,,,,0.124084,0.00197535
595,,,,,,,,0.125153,0.00196541
596,,,,,,,,0.126282,0.00195498
597,,,,,,,,0.127289,0.00193662
598,,,,,,,,0.128326,0.00192006
599,,,,,,,,0.129486,0.00191323
600,,,,,,,,0.130493,0.00190474
601,,,,,,,,0.131561,0.00188463
602,,,,,,,,0.13266,0.00186649
603,,,,,,,,0.133667,0.00185958
604,,,,,,,,0.134827,0.00184994
605,,,,,,,,0.135864,0.00182875
606,,,,,,,,0.13681,0.00181202
607,,,,,,,,0.137939,0.00180833
608,,,,,,,,0.139069,0.00179695
609,,,,,,,,0.140076,0.0017739
610,,,,,,,,0.141235,0.00176081
611,,,,,,,,0.142242,0.00175707
612,,,,,,,,0.143341,0.00174253
613,,,,,,,,0.144379,0.00171861
614,,,,,,,,0.145477,0.0017057
615,,,,,,,,0.146515,0.0017017
616,,,,,,,,0.147583,0.00168517
617,,,,,,,,0.148651,0.00166439
618,,,,,,,,0.149719,0.00165524
619,,,,,,,,0.150757,0.00164682
620,,,,,,,,0.151886,0.00162956
621,,,,,,,,0.152893,0.00161209
622,,,,,,,,0.154053,0.00160535
623,,,,,,,,0.15509,0.00159837
624,,,,,,,,0.156189,0.00157384
625,,,,,,,,0.157196,0.0015624
626,,,,,,,,0.158264,0.0015671
627,,,,,,,,0.159393,0.00154542
628,,,,,,,,0.1604,0.00152131
629,,,,,,,,0.161499,0.00152117
630,,,,,,,,0.162506,0.00151403
631,,,,,,,,0.163605,0.00149143
632,,,,,,,,0.164734,0.00146691
633,,,,,,,,0.165771,0.00145952
634,,,,,,,,0.166809,0.0014594
635,,,,,,,,0.167847,0.00143799
636,,,,,,,,0.168945,0.00142265
637,,,,,,,,0.170044,0.00142401
638,,,,,,,,0.171082,0.00141452
639,,,,,,,,0.17218,0.00140048
640,,,,,,,,0.173248,0.00138774
641,,,,,,,,0.174316,0.00137097
642,,,,,,,,0.175385,0.00136346
643,,,,,,,,0.176422,0.0013569
644,,,,,,,,0.177582,0.00134078
645,,,,,,,,0.178589,0.00132584
646,,,,,,,,0.179626,0.00132146
647,,,,,,,,0.180756,0.00131684
648,,,,,,,,0.181793,0.00129886
649,,,,,,,,0.182831,0.00128026
650,,,,,,,,0.18396,0.00127209
651,,,,,,,,0.184998,0.00126319
652,,,,,,,,0.186035,0.00124975
653,,,,,,,,0.187103,0.00123954
654,,,,,,,,0.188202,0.00123606
655,,,,,,,,0.18924,0.00122891
656,,,,,,,,0.190338,0.00121265
657,,,,,,,,0.191376,0.00120109
658,,,,,,,,0.192474,0.00119665
659,,,,,,,,0.193573,0.00118905
660,,,,,,,,0.194611,0.00117695
661,,,,,,,,0.195679,0.00116549
662,,,,,,,,0.196747,0.00115775
663,,,,,,,,0.197815,0.00114851
664,,,,,,,,0.198883,0.00113573
665,,,,,,,,0.199951,0.00112668
666,,,,,,,,0.20108,0.00112152
667,,,,,,,,0.202026,0.00111235
668,,,,,,,,0.203156,0.00109961
669,,,,,,,,0.204224,0.0010903
670,,,,,,,,0.205353,0.00108059
671,,,,,,,,0.206329,0.00107528
672,,,,,,,,0.207458,0.00107471
673,,,,,,,,0.208496,0.00106085
674,,,,,,,,0.209564,0.00104627
675,,,,,,,,0.210663,0.00104676
676,,,,,,,,0.2117,0.00104083
677,,,,,,,,0.212769,0.0010213
678,,,,,,,,0.213806,0.00101042
679,,,,,,,,0.214935,0.0010128
680,,,,,,,,0.215973,0.00101026
681,,,,,,,,0.217041,0.000995638
682,,,,,,,,0.21814,0.000988949
683,,,,,,,,0.219177,0.000994426
684,,,,,,,,0.220245,0.000984531
685,,,,,,,,0.221313,0.000962179
686,,,,,,,,0.222412,0.000956364
687,,,,,,,,0.22345,0.000951962
688,,,,,,,,0.224518,0.000940684
689,,,,,,,,0.225616,0.000937821
690,,,,,,,,0.226654,0.000936776
691,,,,,,,,0.227692,0.00093067
692,,,,,,,,0.228821,0.000922398
693,,,,,,,,0.229797,0.000915362
694,,,,,,,,0.230927,0.000910298
695,,,,,,,,0.231964,0.000903744
696,,,,,,,,0.233063,0.0008948
697,,,,,,,,0.2341,0.000889788
698,,,,,,,,0.235199,0.000885916
699,,,,,,,,0.236298,0.000879856
700,,,,,,,,0.237366,0.000874579
701,,,,,,,,0.238464,0.00087145
702,,,,,,,,0.239502,0.000868591
703,,,,,,,,0.240509,0.000862183
704,,,,,,,,0.241608,0.000851395
705,,,,,,,,0.242676,0.000843939
706,,,,,,,,0.243744,0.000841715
707,,,,,,,,0.244873,0.000839713
708,,,,,,,,0.245911,0.000835254
709,,,,,,,,0.246948,0.000830711
710,,,,,,,,0.248047,0.000827379
711,,,,,,,,0.249146,0.000820863
712,,,,,,,,0.250153,0.000812617
713,,,,,,,,0.25119,0.000808191
714,,,,,,,,0.252258,0.000806851
715,,,,,,,,0.253357,0.000802331
716,,,,,,,,0.254425,0.000794154
717,,,,,,,,0.255524,0.000793579
718,,,,,,,,0.256622,0.000801573
719,,,,,,,,0.25766,0.000797987
720,,,,,,,,0.258667,0.000785134
721,,,,,,,,0.259705,0.000783026
722,,,,,,,,0.260864,0.000781635
723,,,,,,,,0.261902,0.000767989
724,,,,,,,,0.263,0.000759703
725,,,,,,,,0.264008,0.000765043
726,,,,,,,,0.265076,0.000769167
727,,,,,,,,0.266235,0.000760382
728,,,,,,,,0.267242,0.000748973
729,,,,,,,,0.268311,0.00075064
730,,,,,,,,0.269379,0.00075307
731,,,,,,,,0.270477,0.00074672
732,,,,,,,,0.271515,0.000745516
733,,,,,,,,0.272552,0.000747995
734,,,,,,,,0.273682,0.000745159
735,,,,,,,,0.27475,0.000742386
736,,,,,,,,0.275726,0.000738322
737,,,,,,,,0.276855,0.000733138
738,,,,,,,,0.277954,0.000731151
739,,,,,,,,0.278992,0.000726033
740,,,,,,,,0.28006,0.000716625
741,,,,,,,,0.281189,0.00071102
742,,,,,,,,0.282227,0.000709684
743,,,,,,,,0.283234,0.000708781
744,,,,,,,,0.284363,0.000706489
745,,,,,,,,0.2854,0.000704359
746,,,,,,,,0.286499,0.00070481
747,,,,,,,,0.287537,0.000702621
748,,,,,,,,0.288574,0.000698001
749,,,,,,,,0.289703,0.000698712
750,,,,,,,,0.29071,0.000700755
751,,,,,,,,0.29187,0.000696979
752,,,,,,,,0.292847,0.000691121
753,,,,,,,,0.293945,0.000688511
754,,,,,,,,0.295074,0.000687047
755,,,,,,,,0.296143,0.000683607
756,,,,,,,,0.29715,0.000682732
757,,,,,,,,0.298218,0.000687911
758,,,,,,,,0.299255,0.000690186
759,,,,,,,,0.300415,0.000687125
760,,,,,,,,0.301514,0.000684694
761,,,,,,,,0.302521,0.000685676
762,,,,,,,,0.30365,0.000688532
763,,,,,,,,0.304626,0.000687752
764,,,,,,,,0.30575600000000003,0.000691594
765,,,,,,,,0.306793,0.000696679
766,,,,,,,,0.307861,0.000691379
767,,,,,,,,0.308899,0.00069162
768,,,,,,,,0.309937,0.000697614
769,,,,,,,,0.311096,0.000693843
770,,,,,,,,0.312134,0.000691069
771,,,,,,,,0.313202,0.000689733
772,,,,,,,,0.31427,0.000689876
773,,,,,,,,0.315369,0.000690763
774,,,,,,,,0.316406,0.00068701
775,,,,,,,,0.317566,0.00069049
776,,,,,,,,0.318604,0.000692673
777,,,,,,,,0.319641,0.000686346
778,,,,,,,,0.320648,0.000685687
779,,,,,,,,0.321777,0.000687447
780,,,,,,,,0.322906,0.000687851
781,,,,,,,,0.323944,0.000695074
782,,,,,,,,0.324982,0.00070193
783,,,,,,,,0.32605,0.00070333
784,,,,,,,,0.327118,0.000704596
785,,,,,,,,0.328217,0.000709322
786,,,,,,,,0.329315,0.000711321
787,,,,,,,,0.330322,0.000708999
788,,,,,,,,0.331421,0.000707346
789,,,,,,,,0.332489,0.000710062
790,,,,,,,,0.333496,0.000713412
791,,,,,,,,0.334564,0.000715432
792,,,,,,,,0.335693,0.000718636
793,,,,,,,,0.336731,0.000724217
794,,,,,,,,0.337799,0.000728274
795,,,,,,,,0.338837,0.000729264
796,,,,,,,,0.339935,0.000731407
797,,,,,,,,0.341034,0.000736667
798,,,,,,,,0.342041,0.000742782
799,,,,,,,,0.343048,0.000745986
800,,,,,,,,0.344208,0.000746825
801,,,,,,,,0.345276,0.00075073
802,,,,,,,,0.346375,0.000755642
803,,,,,,,,0.347412,0.000754782
804,,,,,,,,0.34848,0.000754659
805,,,,,,,,0.349548,0.000760008
806,,,,,,,,0.350616,0.000766472
807,,,,,,,,0.351685,0.000769583
808,,,,,,,,0.352753,0.000772719
809,,,,,,,,0.353821,0.000782377
810,,,,,,,,0.354889,0.000794285
811,,,,,,,,0.355988,0.000792646
812,,,,,,,,0.357025,0.00078197
813,,,,,,,,0.358154,0.000785068
814,,,,,,,,0.359161,0.000797673
815,,,,,,,,0.360291,0.000797252
816,,,,,,,,0.361328,0.000794803
817,,,,,,,,0.362396,0.00081451
818,,,,,,,,0.363403,0.00082968
819,,,,,,,,0.364502,0.000822882
820,,,,,,,,0.36557,0.0008175
821,,,,,,,,0.366669,0.000827631
822,,,,,,,,0.367737,0.000840109
823,,,,,,,,0.368805,0.000837696
824,,,,,,,,0.369812,0.000839173
825,,,,,,,,0.370941,0.000857434
826,,,,,,,,0.372009,0.000865727
827,,,,,,,,0.373047,0.00086684
828,,,,,,,,0.374115,0.000876577
829,,,,,,,,0.375214,0.000885603
830,,,,,,,,0.376312,0.000890841
831,,,,,,,,0.377319,0.000892362
832,,,,,,,,0.378448,0.000895216
833,,,,,,,,0.379517,0.000902854
834,,,,,,,,0.380585,0.000913526
835,,,,,,,,0.381653,0.000921295
836,,,,,,,,0.38266,0.000927077
837,,,,,,,,0.383728,0.000935618
838,,,,,,,,0.384796,0.000942595
839,,,,,,,,0.385864,0.000944186
840,,,,,,,,0.386932,0.000948823
841,,,,,,,,0.388031,0.000963107
842,,,,,,,,0.389069,0.0009776
843,,,,,,,,0.390137,0.000984424
844,,,,,,,,0.391235,0.000991322
845,,,,,,,,0.392273,0.00100565
846,,,,,,,,0.393372,0.00101804
847,,,,,,,,0.39444,0.00102354
848,,,,,,,,0.395477,0.00103272
849,,,,,,,,0.396606,0.00104674
850,,,,,,,,0.397675,0.00105458
851,,,,,,,,0.398712,0.00105752
852,,,,,,,,0.39978,0.00106518
853,,,,,,,,0.400848,0.00107816
854,,,,,,,,0.401886,0.00108688
855,,,,,,,,0.402985,0.00109144
856,,,,,,,,0.404022,0.00110224
857,,,,,,,,0.405151,0.00112139
858,,,,,,,,0.406219,0.00112431
859,,,,,,,,0.407318,0.00112833
860,,,,,,,,0.408325,0.0011595
861,,,,,,,,0.409363,0.00117494
862,,,,,,,,0.410431,0.00116693
863,,,,,,,,0.41153,0.00117851
864,,,,,,,,0.412598,0.00120331
865,,,,,,,,0.413666,0.00121261
866,,,,,,,,0.414734,0.00120744
867,,,,,,,,0.415771,0.001217
868,,,,,,,,0.41687,0.00124702
869,,,,,,,,0.417877,0.00125661
870,,,,,,,,0.419067,0.00125833
871,,,,,,,,0.420074,0.00128193
872,,,,,,,,0.421112,0.00130594
873,,,,,,,,0.42218,0.00131711
874,,,,,,,,0.423248,0.00132692
875,,,,,,,,0.424408,0.0013341
876,,,,,,,,0.425385,0.0013458
877,,,,,,,,0.426483,0.00136686
878,,,,,,,,0.427582,0.00138243
879,,,,,,,,0.428619,0.00138911
880,,,,,,,,0.429657,0.0014037
881,,,,,,,,0.43075600000000003,0.00142721
882,,,,,,,,0.431824,0.00144174
883,,,,,,,,0.432922,0.0014487
884,,,,,,,,0.43399,0.00146575
885,,,,,,,,0.435028,0.00149248
886,,,,,,,,0.436157,0.00150522
887,,,,,,,,0.437225,0.00150871
888,,,,,,,,0.438232,0.00152433
889,,,,,,,,0.439301,0.00154598
890,,,,,,,,0.44046,0.00156074
891,,,,,,,,0.441376,0.00157297
892,,,,,,,,0.442444,0.00159635
893,,,,,,,,0.443604,0.00162596
894,,,,,,,,0.444672,0.00164316
895,,,,,,,,0.445709,0.00165242
896,,,,,,,,0.446808,0.00166973
897,,,,,,,,0.447845,0.00169184
898,,,,,,,,0.448914,0.00170836
899,,,,,,,,0.450043,0.00171925
900,,,,,,,,0.45108,0.00173827
901,,,,,,,,0.452118,0.00176535
902,,,,,,,,0.453186,0.00178486
903,,,,,,,,0.454254,0.00180387
904,,,,,,,,0.455383,0.00181215
905,,,,,,,,0.45639,0.00183137
906,,,,,,,,0.45755,0.00188096
907,,,,,,,,0.458527,0.00189762
908,,,,,,,,0.459564,0.00188545
909,,,,,,,,0.460663,0.00191874
910,,,,,,,,0.461761,0.00197086
911,,,,,,,,0.46286,0.00196899
912,,,,,,,,0.463837,0.00196322
913,,,,,,,,0.464935,0.00200516
914,,,,,,,,0.466095,0.00205303
915,,,,,,,,0.467072,0.00205888
916,,,,,,,,0.46814,0.0020598
917,,,,,,,,0.469116,0.0021138
918,,,,,,,,0.470215,0.0021599
919,,,,,,,,0.471283,0.00214867
920,,,,,,,,0.472321,0.00217356
921,,,,,,,,0.473419,0.0022265
922,,,,,,,,0.474518,0.00224571
923,,,,,,,,0.475616,0.00226445
924,,,,,,,,0.476624,0.00228928
925,,,,,,,,0.477661,0.00231113
926,,,,,,,,0.478729,0.00232402
927,,,,,,,,0.479828,0.00233688
928,,,,,,,,0.480896,0.00236426
929,,,,,,,,0.481995,0.00239926
930,,,,,,,,0.482971,0.00242788
931,,,,,,,,0.484131,0.00245328
932,,,,,,,,0.485138,0.00248454
933,,,,,,,,0.486176,0.00252255
934,,,,,,,,0.487335,0.00255534
935,,,,,,,,0.488373,0.0025769
936,,,,,,,,0.48941,0.00260505
937,,,,,,,,0.490479,0.002643
938,,,,,,,,0.491608,0.00266957
939,,,,,,,,0.492645,0.00268463
940,,,,,,,,0.493713,0.00271096
941,,,,,,,,0.494751,0.00275503
942,,,,,,,,0.49588,0.00278526
943,,,,,,,,0.496979,0.00279736
944,,,,,,,,0.497925,0.00282933
945,,,,,,,,0.499023,0.00287298
946,,,,,,,,0.500122,0.00290032
947,,,,,,,,0.50116,0.00292076
948,,,,,,,,0.502289,0.00295856
949,,,,,,,,0.503357,0.00300836
950,,,,,,,,0.504364,0.00303044
951,,,,,,,,0.505463,0.00304114
952,,,,,,,,0.50647,0.00311951
953,,,,,,,,0.507599,0.00319378
954,,,,,,,,0.508728,0.00317426
955,,,,,,,,0.509674,0.00318603
956,,,,,,,,0.510773,0.00326986
957,,,,,,,,0.511902,0.00328428
958,,,,,,,,0.51297,0.00326452
959,,,,,,,,0.514008,0.0032929
960,,,,,,,,0.515106,0.00336855
961,,,,,,,,0.516174,0.00342263
962,,,,,,,,0.517181,0.00340576
963,,,,,,,,0.51825,0.00344806
964,,,,,,,,0.519348,0.00353659
965,,,,,,,,0.520386,0.00355383
966,,,,,,,,0.521545,0.00357387
967,,,,,,,,0.522552,0.00361846
968,,,,,,,,0.523621,0.00365047
969,,,,,,,,0.524658,0.00370439
970,,,,,,,,0.525757,0.00374316
971,,,,,,,,0.526825,0.00376329
972,,,,,,,,0.527893,0.00380422
973,,,,,,,,0.528992,0.00385974
974,,,,,,,,0.53006,0.00389561
975,,,,,,,,0.531097,0.00391076
976,,,,,,,,0.532074,0.00394913
977,,,,,,,,0.533264,0.00400017
978,,,,,,,,0.534332,0.00402954
979,,,,,,,,0.5354,0.00404918
980,,,,,,,,0.536499,0.00409138
981,,,,,,,,0.537445,0.00414481
982,,,,,,,,0.538635,0.00417243
983,,,,,,,,0.539642,0.00419541
984,,,,,,,,0.540741,0.00425012
985,,,,,,,,0.541809,0.00430681
986,,,,,,,,0.542816,0.00434058
987,,,,,,,,0.543945,0.00437503
988,,,,,,,,0.544983,0.00442167
989,,,,,,,,0.546021,0.00446617
990,,,,,,,,0.54715,0.00449333
991,,,,,,,,0.548218,0.00452229
992,,,,,,,,0.549255,0.00456697
993,,,,,,,,0.550293,0.00462541
994,,,,,,,,0.551422,0.00467001
995,,,,,,,,0.55249,0.00470276
996,,,,,,,,0.553497,0.00474858
997,,,,,,,,0.554657,0.00476492
998,,,,,,,,0.555756,0.00482907
999,,,,,,,,0.556702,0.00491269
1000,,,,,,,,0.5578,0.00488745
1001,,,,,,,,0.558899,0.00491418
1002,,,,,,,,0.559937,0.00502379
1003,,,,,,,,0.561005,0.00503821
1004,,,,,,,,0.562103,0.00499598
1005,,,,,,,,0.563141,0.00505672
1006,,,,,,,,0.56424,0.00518542
1007,,,,,,,,0.565277,0.00522896
1008,,,,,,,,0.566315,0.00520314
1009,,,,,,,,0.567413,0.00526459
1010,,,,,,,,0.568481,0.00536646
1011,,,,,,,,0.56958,0.0053491
1012,,,,,,,,0.570557,0.0053274
1013,,,,,,,,0.571686,0.00543231
1014,,,,,,,,0.572784,0.00548194
1015,,,,,,,,0.573822,0.00547692
1016,,,,,,,,0.57489,0.00552083
1017,,,,,,,,0.575989,0.00554855
1018,,,,,,,,0.577087,0.00557759
1019,,,,,,,,0.578125,0.00562082
1020,,,,,,,,0.579102,0.00567233
1021,,,,,,,,0.580231,0.00572421
1022,,,,,,,,0.581329,0.00575263
1023,,,,,,,,0.582397,0.00578633
1024,,,,,,,,0.583405,0.00583585
1025,,,,,,,,0.584534,0.00587323
1026,,,,,,,,0.585663,0.00591277
1027,,,,,,,,0.586639,0.00594796
1028,,,,,,,,0.587646,0.00597905
1029,,,,,,,,0.588806,0.00601328
1030,,,,,,,,0.589874,0.00603852
1031,,,,,,,,0.590942,0.00607
1032,,,,,,,,0.591949,0.00611014
1033,,,,,,,,0.593079,0.00615086
1034,,,,,,,,0.594147,0.00617977
1035,,,,,,,,0.595154,0.00619132
1036,,,,,,,,0.596252,0.00621811
1037,,,,,,,,0.597351,0.00626054
1038,,,,,,,,0.598358,0.00628763
1039,,,,,,,,0.599487,0.00629473
1040,,,,,,,,0.600494,0.00631889
1041,,,,,,,,0.601624,0.00635479
1042,,,,,,,,0.602661,0.00636231
1043,,,,,,,,0.603729,0.00636709
1044,,,,,,,,0.604736,0.00639878
1045,,,,,,,,0.605804,0.00646952
1046,,,,,,,,0.606995,0.00643528
1047,,,,,,,,0.608002,0.00638184
1048,,,,,,,,0.60907,0.00652187
1049,,,,,,,,0.610168,0.00660277
1050,,,,,,,,0.611237,0.00652549
1051,,,,,,,,0.612335,0.00655276
1052,,,,,,,,0.613312,0.00666341
1053,,,,,,,,0.61441,0.00668377
1054,,,,,,,,0.615479,0.0065821
1055,,,,,,,,0.616547,0.00655802
1056,,,,,,,,0.617615,0.00668496
1057,,,,,,,,0.618713,0.00669057
1058,,,,,,,,0.619751,0.00660763
1059,,,,,,,,0.62088,0.00665534
1060,,,,,,,,0.621857,0.00673235
1061,,,,,,,,0.622955,0.00671037
1062,,,,,,,,0.624023,0.0066836
1063,,,,,,,,0.625122,0.00668504
1064,,,,,,,,0.626129,0.00669693
1065,,,,,,,,0.627228,0.00672235
1066,,,,,,,,0.628296,0.00673605
1067,,,,,,,,0.629364,0.00674153
1068,,,,,,,,0.630432,0.00676543
1069,,,,,,,,0.63147,0.00678354
1070,,,,,,,,0.632599,0.00677231
1071,,,,,,,,0.633667,0.00676093
1072,,,,,,,,0.634705,0.0067779
1073,,,,,,,,0.635742,0.00679711
1074,,,,,,,,0.636871,0.00679248
1075,,,,,,,,0.637909,0.00679118
1076,,,,,,,,0.638947,0.00680459
1077,,,,,,,,0.640045,0.00680221
1078,,,,,,,,0.641113,0.00678322
1079,,,,,,,,0.642151,0.00678751
1080,,,,,,,,0.64325,0.00680015
1081,,,,,,,,0.644348,0.00678996
1082,,,,,,,,0.645325,0.00677181
1083,,,,,,,,0.646423,0.00677549
1084,,,,,,,,0.647461,0.00679705
1085,,,,,,,,0.64859,0.0067925
1086,,,,,,,,0.649658,0.00678385
1087,,,,,,,,0.650665,0.00678885
1088,,,,,,,,0.651733,0.00677782
1089,,,,,,,,0.652863,0.00675949
1090,,,,,,,,0.653992,0.00674613
1091,,,,,,,,0.654907,0.00678727
1092,,,,,,,,0.656036,0.00678219
1093,,,,,,,,0.657166,0.00670116
1094,,,,,,,,0.658173,0.00674218
1095,,,,,,,,0.65918,0.00679283
1096,,,,,,,,0.660248,0.00671219
1097,,,,,,,,0.661407,0.00669369
1098,,,,,,,,0.662445,0.00676579
1099,,,,,,,,0.663544,0.0067817
1100,,,,,,,,0.664612,0.00669987
1101,,,,,,,,0.665649,0.00664472
1102,,,,,,,,0.666718,0.00670201
1103,,,,,,,,0.667694,0.00669321
1104,,,,,,,,0.668823,0.00660438
1105,,,,,,,,0.669922,0.00661441
1106,,,,,,,,0.671021,0.00665032
1107,,,,,,,,0.672028,0.00660962
1108,,,,,,,,0.673096,0.00659855
1109,,,,,,,,0.674225,0.00662041
1110,,,,,,,,0.675232,0.00660852
1111,,,,,,,,0.6763,0.00660417
1112,,,,,,,,0.677338,0.0066175
1113,,,,,,,,0.678406,0.00659582
1114,,,,,,,,0.679504,0.00654618
1115,,,,,,,,0.680511,0.00653177
1116,,,,,,,,0.681641,0.00654334
1117,,,,,,,,0.682739,0.00651987
1118,,,,,,,,0.683777,0.0064879
1119,,,,,,,,0.684814,0.00649322
1120,,,,,,,,0.685913,0.00650047
1121,,,,,,,,0.687012,0.00649138
1122,,,,,,,,0.688049,0.00647599
1123,,,,,,,,0.689087,0.00646688
1124,,,,,,,,0.690247,0.00645899
1125,,,,,,,,0.691254,0.00641659
1126,,,,,,,,0.692352,0.0063695
1127,,,,,,,,0.69339,0.00636642
1128,,,,,,,,0.694397,0.00637436
1129,,,,,,,,0.695526,0.00637332
1130,,,,,,,,0.696533,0.00636209
1131,,,,,,,,0.697601,0.00634146
1132,,,,,,,,0.69873,0.00632469
1133,,,,,,,,0.699707,0.00630168
1134,,,,,,,,0.700806,0.00626911
1135,,,,,,,,0.701965,0.00626408
1136,,,,,,,,0.703033,0.00627899
1137,,,,,,,,0.704041,0.00626231
1138,,,,,,,,0.705139,0.00623626
1139,,,,,,,,0.706146,0.00619718
1140,,,,,,,,0.707214,0.00621209
1141,,,,,,,,0.708313,0.00625009
1142,,,,,,,,0.70932,0.00616475
1143,,,,,,,,0.71048,0.00611384
1144,,,,,,,,0.711517,0.00617737
1145,,,,,,,,0.712555,0.00614094
1146,,,,,,,,0.713593,0.00605773
1147,,,,,,,,0.714691,0.00603387
1148,,,,,,,,0.715729,0.0060706
1149,,,,,,,,0.716827,0.00607667
1150,,,,,,,,0.717896,0.005983
1151,,,,,,,,0.718933,0.00598976
1152,,,,,,,,0.720032,0.00605617
1153,,,,,,,,0.72113,0.00600207
1154,,,,,,,,0.722168,0.00595283
1155,,,,,,,,0.723206,0.00596535
1156,,,,,,,,0.724335,0.00595306
1157,,,,,,,,0.725403,0.00592979
1158,,,,,,,,0.726349,0.0059062
1159,,,,,,,,0.727478,0.00589512
1160,,,,,,,,0.728577,0.00587518
1161,,,,,,,,0.729614,0.00584248
1162,,,,,,,,0.730652,0.00583489
1163,,,,,,,,0.73175,0.00583949
1164,,,,,,,,0.73291,0.00582412
1165,,,,,,,,0.733978,0.00580005
1166,,,,,,,,0.734955,0.00577086
1167,,,,,,,,0.735992,0.00574246
1168,,,,,,,,0.737122,0.00573325
1169,,,,,,,,0.738159,0.0057139
1170,,,,,,,,0.739197,0.005694
1171,,,,,,,,0.740295,0.00570076
1172,,,,,,,,0.741394,0.00568894
1173,,,,,,,,0.742371,0.00564729
1174,,,,,,,,0.7435,0.00562373
1175,,,,,,,,0.744507,0.00560759
1176,,,,,,,,0.745667,0.00558123
1177,,,,,,,,0.746704,0.00556138
1178,,,,,,,,0.747742,0.00553943
1179,,,,,,,,0.74884,0.00553529
1180,,,,,,,,0.749939,0.00553425
1181,,,,,,,,0.751343,0.00550358
1182,,,,,,,,0.751953,0.00549112
1183,,,,,,,,0.753479,0.00548383
1184,,,,,,,,0.7547,0.00543875
1185,,,,,,,,0.755615,0.00538681
1186,,,,,,,,0.756836,0.00538082
1187,,,,,,,,0.758362,0.00540252
1188,,,,,,,,0.758972,0.00535883
1189,,,,,,,,0.759888,0.00529244
1190,,,,,,,,0.761414,0.00529844
1191,,,,,,,,0.762024,0.0053011
1192,,,,,,,,0.762634,0.00522723
1193,,,,,,,,0.763855,0.00516856
1194,,,,,,,,0.765686,0.00519219
1195,,,,,,,,0.766907,0.00520119
1196,,,,,,,,0.767212,0.0051309
1197,,,,,,,,0.768433,0.0050966
1198,,,,,,,,0.769653,0.00513512
1199,,,,,,,,0.770569,0.00512197
1200,,,,,,,,0.77179,0.00505862
1201,,,,,,,,0.773315,0.00502716
1202,,,,,,,,0.773926,0.00500814
1203,,,,,,,,0.774841,0.00498269
1204,,,,,,,,0.775757,0.00495004
1205,,,,,,,,0.776978,0.00492466
1206,,,,,,,,0.777893,0.00492425
1207,,,,,,,,0.778809,0.00489489
1208,,,,,,,,0.780029,0.00485325
1209,,,,,,,,0.78125,0.00483174
1210,,,,,,,,0.782166,0.00480039
1211,,,,,,,,0.783081,0.00478821
1212,,,,,,,,0.784302,0.00477199
1213,,,,,,,,0.785828,0.00473759
1214,,,,,,,,0.786438,0.00473947
1215,,,,,,,,0.787659,0.00472554
1216,,,,,,,,0.789185,0.00468542
1217,,,,,,,,0.78949,0.00466514
1218,,,,,,,,0.79071,0.00463757
1219,,,,,,,,0.792236,0.00461906
1220,,,,,,,,0.792542,0.00458864
1221,,,,,,,,0.793762,0.00454994
1222,,,,,,,,0.794678,0.00455291
1223,,,,,,,,0.795593,0.00455757
1224,,,,,,,,0.797424,0.00453535
1225,,,,,,,,0.798035,0.00451865
1226,,,,,,,,0.799561,0.00451868
1227,,,,,,,,0.800781,0.00450116
1228,,,,,,,,0.801392,0.00446803
1229,,,,,,,,0.802917,0.00444871
1230,,,,,,,,0.803528,0.00444018
1231,,,,,,,,0.805054,0.00443904
1232,,,,,,,,0.806274,0.00443139
1233,,,,,,,,0.806274,0.00442998
1234,,,,,,,,0.8078,0.00441953
1235,,,,,,,,0.809021,0.00437575
1236,,,,,,,,0.810547,0.0043833
1237,,,,,,,,0.811157,0.00442042
1238,,,,,,,,0.812073,0.00441212
1239,,,,,,,,0.813293,0.00442877
1240,,,,,,,,0.814514,0.00449107
1241,,,,,,,,0.815735,0.00452951
1242,,,,,,,,0.816345,0.00452499
1243,,,,,,,,0.817871,0.00453338
1244,,,,,,,,0.818176,0.00459086
1245,,,,,,,,0.819702,0.00464492
1246,,,,,,,,0.820618,0.0046794
1247,,,,,,,,0.821838,0.00474383
1248,,,,,,,,0.822449,0.00482856
1249,,,,,,,,0.82428,0.00490131
1250,,,,,,,,0.82489,0.004959
1251,,,,,,,,0.826111,0.00504703
1252,,,,,,,,0.827026,0.0051441
1253,,,,,,,,0.827942,0.00523286
1254,,,,,,,,0.828857,0.00535948
1255,,,,,,,,0.830383,0.00547215
1256,,,,,,,,0.831299,0.00557069
1257,,,,,,,,0.83252,0.00571406
1258,,,,,,,,0.834045,0.00585103
1259,,,,,,,,0.834045,0.00599336
1260,,,,,,,,0.835876,0.00614231
1261,,,,,,,,0.836487,0.00627161
1262,,,,,,,,0.837402,0.00644605
1263,,,,,,,,0.838623,0.00662584
1264,,,,,,,,0.839844,0.00680954
1265,,,,,,,,0.841064,0.00702224
1266,,,,,,,,0.842285,0.00722736
1267,,,,,,,,0.843201,0.00743808
1268,,,,,,,,0.844116,0.00763608
1269,,,,,,,,0.845337,0.00778178
1270,,,,,,,,0.845947,0.00828303
1271,,,,,,,,0.846863,0.00881169
1272,,,,,,,,0.848389,0.00860547
1273,,,,,,,,0.849915,0.00766732
1274,,,,,,,,0.85083,0.00615684
1275,,,,,,,,0.849609,0.00431238
1276,,,,,,,,0.848389,0.00235403
1277,,,,,,,,0.847473,0.000652704
1278,,,,,,,,0.846558,-0.00023494
1279,,,,,,,,0.845032,-0.000655599
1280,,,,,,,,0.844421,-0.00119564
1281,,,,,,,,0.843201,-0.00171682
1282,,,,,,,,0.842285,-0.00210836
1283,,,,,,,,0.84137,-0.00242209
1284,,,,,,,,0.839539,-0.00275685
1285,,,,,,,,0.838623,-0.00305661
1286,,,,,,,,0.837708,-0.00330363
1287,,,,,,,,0.836487,-0.00349481
1288,,,,,,,,0.835876,-0.00370485
1289,,,,,,,,0.835266,-0.00392391
1290,,,,,,,,0.833435,-0.00404634
1291,,,,,,,,0.83252,-0.00415904
1292,,,,,,,,0.831299,-0.00428138
1293,,,,,,,,0.830383,-0.00437308
1294,,,,,,,,0.829163,-0.00443805
1295,,,,,,,,0.828857,-0.00448016
1296,,,,,,,,0.826721,-0.00454767
1297,,,,,,,,0.826416,-0.00460751
1298,,,,,,,,0.8255,-0.00462102
1299,,,,,,,,0.823975,-0.00462157
1300,,,,,,,,0.823059,-0.00459486
1301,,,,,,,,0.821838,-0.00456117
1302,,,,,,,,0.820007,-0.00450698
1303,,,,,,,,0.820007,-0.00444775
1304,,,,,,,,0.818481,-0.00442521
1305,,,,,,,,0.817261,-0.00438806
1306,,,,,,,,0.81665,-0.00431888
1307,,,,,,,,0.815735,-0.00422925
1308,,,,,,,,0.814514,-0.00412926
1309,,,,,,,,0.813599,-0.00402704
1310,,,,,,,,0.811768,-0.00389867
1311,,,,,,,,0.810852,-0.00378564
1312,,,,,,,,0.809937,-0.00367941
1313,,,,,,,,0.809021,-0.00357064
1314,,,,,,,,0.808105,-0.00345992
1315,,,,,,,,0.80719,-0.00334662
1316,,,,,,,,0.805969,-0.00325611
1317,,,,,,,,0.804443,-0.00314644
1318,,,,,,,,0.803528,-0.00303002
1319,,,,,,,,0.802612,-0.00294459
1320,,,,,,,,0.801392,-0.00284885
1321,,,,,,,,0.800171,-0.00275228
1322,,,,,,,,0.799866,-0.00266884
1323,,,,,,,,0.798035,-0.00261013
1324,,,,,,,,0.797424,-0.00255757
1325,,,,,,,,0.796204,-0.00246265
1326,,,,,,,,0.795288,-0.00240258
1327,,,,,,,,0.793762,-0.00239473
1328,,,,,,,,0.793152,-0.00234521
1329,,,,,,,,0.791931,-0.00226874
1330,,,,,,,,0.791016,-0.00225028
1331,,,,,,,,0.7901,-0.00225479
1332,,,,,,,,0.788879,-0.00220432
1333,,,,,,,,0.787659,-0.00214694
1334,,,,,,,,0.786438,-0.00218019
1335,,,,,,,,0.785522,-0.00221171
1336,,,,,,,,0.784607,-0.00216773
1337,,,,,,,,0.783997,-0.00214444
1338,,,,,,,,0.782471,-0.00216205
1339,,,,,,,,0.78186,-0.00217752
1340,,,,,,,,0.780334,-0.00215778
1341,,,,,,,,0.778809,-0.00215143
1342,,,,,,,,0.777588,-0.00219494
1343,,,,,,,,0.777283,-0.00219094
1344,,,,,,,,0.776062,-0.00216907
1345,,,,,,,,0.774841,-0.00217156
1346,,,,,,,,0.773621,-0.00216478
1347,,,,,,,,0.7724,-0.00217441
1348,,,,,,,,0.77179,-0.00217732
1349,,,,,,,,0.770874,-0.00217152
1350,,,,,,,,0.769348,-0.00217298
1351,,,,,,,,0.768738,-0.00218122
1352,,,,,,,,0.767822,-0.00219444
1353,,,,,,,,0.766296,-0.00219563
1354,,,,,,,,0.765381,-0.00219517
1355,,,,,,,,0.76416,-0.00220549
1356,,,,,,,,0.762634,-0.00220865
1357,,,,,,,,0.762329,-0.00220361
1358,,,,,,,,0.761108,-0.00219417
1359,,,,,,,,0.759888,-0.0022038
1360,,,,,,,,0.758667,-0.0022198
1361,,,,,,,,0.757751,-0.00221443
1362,,,,,,,,0.756531,-0.00219905
1363,,,,,,,,0.75592,-0.00219866
1364,,,,,,,,0.755005,-0.00220351
1365,,,,,,,,0.753479,-0.00219292
1366,,,,,,,,0.752563,-0.00218319
1367,,,,,,,,0.751648,-0.00219227
1368,,,,,,,,0.749939,-0.00221712
1369,,,,,,,,0.74881,-0.00223191
1370,,,,,,,,0.747772,-0.002235
1371,,,,,,,,0.746735,-0.00225754
1372,,,,,,,,0.745667,-0.00227842
1373,,,,,,,,0.744629,-0.00232211
1374,,,,,,,,0.7435,-0.00233881
1375,,,,,,,,0.742523,-0.00229304
1376,,,,,,,,0.741364,-0.0023312
1377,,,,,,,,0.740234,-0.00238266
1378,,,,,,,,0.739227,-0.00239081
1379,,,,,,,,0.73822,-0.00241897
1380,,,,,,,,0.737091,-0.00243717
1381,,,,,,,,0.736023,-0.00247119
1382,,,,,,,,0.734985,-0.00246489
1383,,,,,,,,0.733887,-0.00242104
1384,,,,,,,,0.73288,-0.00247188
1385,,,,,,,,0.73175,-0.0025109
1386,,,,,,,,0.730682,-0.00251333
1387,,,,,,,,0.729675,-0.00254387
1388,,,,,,,,0.728577,-0.00256506
1389,,,,,,,,0.727478,-0.00257776
1390,,,,,,,,0.726501,-0.00259193
1391,,,,,,,,0.725403,-0.00261797
1392,,,,,,,,0.724335,-0.0026467
1393,,,,,,,,0.723175,-0.00266118
1394,,,,,,,,0.722137,-0.00266903
1395,,,,,,,,0.721069,-0.00270221
1396,,,,,,,,0.71994,-0.00274516
1397,,,,,,,,0.718933,-0.00275982
1398,,,,,,,,0.717926,-0.00276854
1399,,,,,,,,0.716888,-0.00279192
1400,,,,,,,,0.715759,-0.00282008
1401,,,,,,,,0.714661,-0.00283664
1402,,,,,,,,0.713654,-0.00285462
1403,,,,,,,,0.712616,-0.00289692
1404,,,,,,,,0.711517,-0.00294994
1405,,,,,,,,0.710388,-0.00298223
1406,,,,,,,,0.709381,-0.0029966
1407,,,,,,,,0.708313,-0.00302052
1408,,,,,,,,0.707245,-0.00305691
1409,,,,,,,,0.706146,-0.00307781
1410,,,,,,,,0.705109,-0.00308587
1411,,,,,,,,0.704071,-0.00310643
1412,,,,,,,,0.703033,-0.00313577
1413,,,,,,,,0.701813,-0.00314743
1414,,,,,,,,0.700867,-0.00315647
1415,,,,,,,,0.699799,-0.00319869
1416,,,,,,,,0.69873,-0.00324854
1417,,,,,,,,0.697601,-0.00327452
1418,,,,,,,,0.696564,-0.0032685
1419,,,,,,,,0.695557,-0.00334186
1420,,,,,,,,0.694427,-0.00340466
1421,,,,,,,,0.69342,-0.00333675
1422,,,,,,,,0.692322,-0.00335012
1423,,,,,,,,0.691284,-0.00346851
1424,,,,,,,,0.690125,-0.00348472
1425,,,,,,,,0.689117,-0.00343196
1426,,,,,,,,0.688049,-0.00349307
1427,,,,,,,,0.687012,-0.00363375
1428,,,,,,,,0.685944,-0.00360552
1429,,,,,,,,0.684814,-0.00353556
1430,,,,,,,,0.683777,-0.00363524
1431,,,,,,,,0.68277,-0.00373299
1432,,,,,,,,0.681641,-0.003715
1433,,,,,,,,0.680664,-0.003701
1434,,,,,,,,0.679626,-0.0037885
1435,,,,,,,,0.678589,-0.00383474
1436,,,,,,,,0.67746,-0.00379213
1437,,,,,,,,0.676392,-0.00382123
1438,,,,,,,,0.675354,-0.00387665
1439,,,,,,,,0.674286,-0.00389196
1440,,,,,,,,0.673218,-0.00394277
1441,,,,,,,,0.672058,-0.00398194
1442,,,,,,,,0.671051,-0.0039949
1443,,,,,,,,0.670013,-0.00403753
1444,,,,,,,,0.668945,-0.00408346
1445,,,,,,,,0.667877,-0.00409629
1446,,,,,,,,0.66684,-0.00411697
1447,,,,,,,,0.665741,-0.00416243
1448,,,,,,,,0.664642,-0.00421399
1449,,,,,,,,0.663544,-0.00424009
1450,,,,,,,,0.662567,-0.00425477
1451,,,,,,,,0.661499,-0.00429385
1452,,,,,,,,0.66037,-0.00432872
1453,,,,,,,,0.659241,-0.0043419
1454,,,,,,,,0.658295,-0.0043672
1455,,,,,,,,0.657227,-0.00440567
1456,,,,,,,,0.656128,-0.00443493
1457,,,,,,,,0.654999,-0.00445771
1458,,,,,,,,0.654083,-0.00448344
1459,,,,,,,,0.652985,-0.0045174
1460,,,,,,,,0.651886,-0.00455166
1461,,,,,,,,0.650757,-0.0045778
1462,,,,,,,,0.64975,-0.00460415
1463,,,,,,,,0.648651,-0.00463117
1464,,,,,,,,0.647614,-0.00465808
1465,,,,,,,,0.646545,-0.00470247
1466,,,,,,,,0.645477,-0.00472786
1467,,,,,,,,0.64444,-0.00466236
1468,,,,,,,,0.643341,-0.00465836
1469,,,,,,,,0.642303,-0.00478479
1470,,,,,,,,0.641174,-0.00481267
1471,,,,,,,,0.640167,-0.00476144
1472,,,,,,,,0.639069,-0.00485626
1473,,,,,,,,0.63797,-0.00498607
1474,,,,,,,,0.636932,-0.00492836
1475,,,,,,,,0.635834,-0.00481294
1476,,,,,,,,0.634796,-0.00485695
1477,,,,,,,,0.633667,-0.00495189
1478,,,,,,,,0.63269,-0.00492072
1479,,,,,,,,0.631622,-0.00490233
1480,,,,,,,,0.630554,-0.00502995
1481,,,,,,,,0.629425,-0.00510075
1482,,,,,,,,0.628418,-0.00504007
1483,,,,,,,,0.62738,-0.00504319
1484,,,,,,,,0.626251,-0.00507578
1485,,,,,,,,0.625214,-0.00506522
1486,,,,,,,,0.624176,-0.00507673
1487,,,,,,,,0.623138,-0.00510617
1488,,,,,,,,0.622009,-0.00512556
1489,,,,,,,,0.620941,-0.00511671
1490,,,,,,,,0.619843,-0.00512063
1491,,,,,,,,0.618805,-0.00514975
1492,,,,,,,,0.617737,-0.00516406
1493,,,,,,,,0.616638,-0.00516164
1494,,,,,,,,0.615601,-0.00516032
1495,,,,,,,,0.614563,-0.00517585
1496,,,,,,,,0.613434,-0.00519358
1497,,,,,,,,0.612366,-0.00518843
1498,,,,,,,,0.611359,-0.00518607
1499,,,,,,,,0.61026,-0.00521022
1500,,,,,,,,0.609161,-0.00522144
1501,,,,,,,,0.608154,-0.00520974
1502,,,,,,,,0.607025,-0.00520515
1503,,,,,,,,0.605957,-0.00522556
1504,,,,,,,,0.604889,-0.00524927
1505,,,,,,,,0.60379,-0.00524981
1506,,,,,,,,0.602753,-0.00523696
1507,,,,,,,,0.601746,-0.00524393
1508,,,,,,,,0.600616,-0.00524992
1509,,,,,,,,0.599518,-0.00523016
1510,,,,,,,,0.598541,-0.00521475
1511,,,,,,,,0.597473,-0.0052238
1512,,,,,,,,0.596375,-0.00525984
1513,,,,,,,,0.595276,-0.00520099
1514,,,,,,,,0.594208,-0.0051317
1515,,,,,,,,0.59317,-0.00522641
1516,,,,,,,,0.592133,-0.00524362
1517,,,,,,,,0.591034,-0.00517636
1518,,,,,,,,0.589996,-0.00518525
1519,,,,,,,,0.588898,-0.00521247
1520,,,,,,,,0.587799,-0.00523029
1521,,,,,,,,0.586731,-0.00515813
1522,,,,,,,,0.585693,-0.00512877
1523,,,,,,,,0.584625,-0.00521673
1524,,,,,,,,0.583496,-0.00517738
1525,,,,,,,,0.58252,-0.00510651
1526,,,,,,,,0.581421,-0.00511988
1527,,,,,,,,0.580383,-0.0051198
1528,,,,,,,,0.579254,-0.00510719
1529,,,,,,,,0.578186,-0.00508218
1530,,,,,,,,0.577179,-0.0050548
1531,,,,,,,,0.57608,-0.00504603
1532,,,,,,,,0.574982,-0.00504117
1533,,,,,,,,0.573944,-0.00501869
1534,,,,,,,,0.572906,-0.00500102
1535,,,,,,,,0.571747,-0.00499664
1536,,,,,,,,0.570709,-0.00498215
1537,,,,,,,,0.569702,-0.00494474
1538,,,,,,,,0.568573,-0.00492196
1539,,,,,,,,0.567566,-0.00492413
1540,,,,,,,,0.566437,-0.004907
1541,,,,,,,,0.56543,-0.00486393
1542,,,,,,,,0.564331,-0.0048381
1543,,,,,,,,0.563263,-0.00484227
1544,,,,,,,,0.562134,-0.00482636
1545,,,,,,,,0.561096,-0.00478832
1546,,,,,,,,0.560028,-0.00477332
1547,,,,,,,,0.55899,-0.00476379
1548,,,,,,,,0.557861,-0.00472572
1549,,,,,,,,0.556915,-0.00467837
1550,,,,,,,,0.555817,-0.00466576
1551,,,,,,,,0.554718,-0.00466989
1552,,,,,,,,0.55365,-0.00464586
1553,,,,,,,,0.552551,-0.00460503
1554,,,,,,,,0.551514,-0.00457431
1555,,,,,,,,0.550446,-0.00455103
1556,,,,,,,,0.549377,-0.00451797
1557,,,,,,,,0.548309,-0.00448464
1558,,,,,,,,0.547272,-0.00446732
1559,,,,,,,,0.546143,-0.0044466
1560,,,,,,,,0.545044,-0.00440421
1561,,,,,,,,0.543976,-0.00441568
1562,,,,,,,,0.542969,-0.00441939
1563,,,,,,,,0.54187,-0.0043349
1564,,,,,,,,0.540771,-0.00429002
1565,,,,,,,,0.539734,-0.00429701
1566,,,,,,,,0.538727,-0.00422695
1567,,,,,,,,0.537598,-0.00411741
1568,,,,,,,,0.536499,-0.00409914
1569,,,,,,,,0.535461,-0.00415193
1570,,,,,,,,0.534485,-0.00414025
1571,,,,,,,,0.533356,-0.00406107
1572,,,,,,,,0.532257,-0.00403531
1573,,,,,,,,0.53125,-0.00403074
1574,,,,,,,,0.530151,-0.0039514
1575,,,,,,,,0.529114,-0.00388053
1576,,,,,,,,0.527954,-0.00388029
1577,,,,,,,,0.526947,-0.00385909
1578,,,,,,,,0.525909,-0.00382914
1579,,,,,,,,0.524811,-0.0038019
1580,,,,,,,,0.523651,-0.00374016
1581,,,,,,,,0.522675,-0.00369665
1582,,,,,,,,0.521576,-0.00368637
1583,,,,,,,,0.520477,-0.00366268
1584,,,,,,,,0.519379,-0.00360996
1585,,,,,,,,0.518433,-0.0035626
1586,,,,,,,,0.517365,-0.00353769
1587,,,,,,,,0.516235,-0.00350582
1588,,,,,,,,0.515076,-0.00345815
1589,,,,,,,,0.51413,-0.00342857
1590,,,,,,,,0.513062,-0.00341294
1591,,,,,,,,0.511902,-0.00338354
1592,,,,,,,,0.510925,-0.00334028
1593,,,,,,,,0.509857,-0.00330256
1594,,,,,,,,0.508789,-0.00327357
1595,,,,,,,,0.507721,-0.00323717
1596,,,,,,,,0.506561,-0.00319345
1597,,,,,,,,0.505585,-0.00315372
1598,,,,,,,,0.504517,-0.00312512
1599,,,,,,,,0.503387,-0.00309863
1600,,,,,,,,0.502411,-0.00305998
1601,,,,,,,,0.501282,-0.00301767
1602,,,,,,,,0.500183,-0.00298626
1603,,,,,,,,0.499176,-0.002952
1604,,,,,,,,0.498047,-0.00290581
1605,,,,,,,,0.497009,-0.00286722
1606,,,,,,,,0.495972,-0.00283553
1607,,,,,,,,0.494873,-0.00283445
1608,,,,,,,,0.493774,-0.00282436
1609,,,,,,,,0.492737,-0.00274752
1610,,,,,,,,0.491669,-0.00270739
1611,,,,,,,,0.49057,-0.00271295
1612,,,,,,,,0.489471,-0.00266002
1613,,,,,,,,0.488525,-0.00258152
1614,,,,,,,,0.487396,-0.00257352
1615,,,,,,,,0.486328,-0.00259264
1616,,,,,,,,0.48526,-0.00254827
1617,,,,,,,,0.484192,-0.00247215
1618,,,,,,,,0.483124,-0.00245713
1619,,,,,,,,0.482025,-0.00245751
1620,,,,,,,,0.480927,-0.00238985
1621,,,,,,,,0.479889,-0.00233009
1622,,,,,,,,0.478821,-0.00233931
1623,,,,,,,,0.477722,-0.00231615
1624,,,,,,,,0.476715,-0.00226278
1625,,,,,,,,0.475708,-0.00224731
1626,,,,,,,,0.474609,-0.00223041
1627,,,,,,,,0.47348,-0.0021954
1628,,,,,,,,0.472412,-0.00215661
1629,,,,,,,,0.471436,-0.00213016
1630,,,,,,,,0.470276,-0.00210789
1631,,,,,,,,0.469238,-0.00207251
1632,,,,,,,,0.46814,-0.00203816
1633,,,,,,,,0.467102,-0.00201874
1634,,,,,,,,0.465942,-0.00199927
1635,,,,,,,,0.464905,-0.0019666
1636,,,,,,,,0.463898,-0.00193078
1637,,,,,,,,0.46283,-0.00190611
1638,,,,,,,,0.461731,-0.00188598
1639,,,,,,,,0.460693,-0.00185279
1640,,,,,,,,0.459625,-0.00181728
1641,,,,,,,,0.458588,-0.00179757
1642,,,,,,,,0.457458,-0.00177989
1643,,,,,,,,0.456451,-0.00174906
1644,,,,,,,,0.455353,-0.00171627
1645,,,,,,,,0.454285,-0.0016969
1646,,,,,,,,0.453186,-0.0016796
1647,,,,,,,,0.452148,-0.00164922
1648,,,,,,,,0.451111,-0.00161623
1649,,,,,,,,0.450043,-0.00159833
1650,,,,,,,,0.448975,-0.00158349
1651,,,,,,,,0.447876,-0.0015547
1652,,,,,,,,0.446777,-0.00152126
1653,,,,,,,,0.445801,-0.00151198
1654,,,,,,,,0.444641,-0.00150768
1655,,,,,,,,0.443542,-0.00145936
1656,,,,,,,,0.442566,-0.00141476
1657,,,,,,,,0.441467,-0.00141734
1658,,,,,,,,0.440369,-0.0014051
1659,,,,,,,,0.439362,-0.00135623
1660,,,,,,,,0.438263,-0.00133854
1661,,,,,,,,0.437164,-0.00135318
1662,,,,,,,,0.436127,-0.00134484
1663,,,,,,,,0.435028,-0.00129916
1664,,,,,,,,0.433929,-0.00127291
1665,,,,,,,,0.432922,-0.00128016
1666,,,,,,,,0.431824,-0.00125228
1667,,,,,,,,0.430725,-0.00120395
1668,,,,,,,,0.429749,-0.00119303
1669,,,,,,,,0.428589,-0.00118844
1670,,,,,,,,0.427582,-0.00116607
1671,,,,,,,,0.426483,-0.00114286
1672,,,,,,,,0.425446,-0.0011223
1673,,,,,,,,0.424347,-0.00110941
1674,,,,,,,,0.423218,-0.00109259
1675,,,,,,,,0.422272,-0.00107121
1676,,,,,,,,0.421173,-0.00105293
1677,,,,,,,,0.420074,-0.00104165
1678,,,,,,,,0.418945,-0.00102902
1679,,,,,,,,0.417969,-0.00100799
1680,,,,,,,,0.41687,-0.000991349
1681,,,,,,,,0.415802,-0.000983252
1682,,,,,,,,0.414734,-0.000969377
1683,,,,,,,,0.413666,-0.000948569
1684,,,,,,,,0.412598,-0.000931396
1685,,,,,,,,0.411499,-0.000922526
1686,,,,,,,,0.410492,-0.000909461
1687,,,,,,,,0.409363,-0.000890181
1688,,,,,,,,0.408325,-0.00087918
1689,,,,,,,,0.407288,-0.000870674
1690,,,,,,,,0.406219,-0.000853339
1691,,,,,,,,0.40509,-0.000833532
1692,,,,,,,,0.404083,-0.000822277
1693,,,,,,,,0.402954,-0.000816379
1694,,,,,,,,0.401917,-0.000803596
1695,,,,,,,,0.400757,-0.000787874
1696,,,,,,,,0.399811,-0.000778562
1697,,,,,,,,0.398712,-0.000769459
1698,,,,,,,,0.397644,-0.000756797
1699,,,,,,,,0.396545,-0.000743739
1700,,,,,,,,0.395508,-0.000740299
1701,,,,,,,,0.39444,-0.000728883
1702,,,,,,,,0.393372,-0.000706661
1703,,,,,,,,0.392334,-0.000700454
1704,,,,,,,,0.391235,-0.000694263
1705,,,,,,,,0.390137,-0.000676253
1706,,,,,,,,0.389099,-0.000668114
1707,,,,,,,,0.388062,-0.000667831
1708,,,,,,,,0.387024,-0.000658398
1709,,,,,,,,0.385834,-0.000636483
1710,,,,,,,,0.384796,-0.000618615
1711,,,,,,,,0.383728,-0.000615799
1712,,,,,,,,0.38269,-0.000605992
1713,,,,,,,,0.381622,-0.000590901
1714,,,,,,,,0.380524,-0.000589127
1715,,,,,,,,0.379456,-0.000587915
1716,,,,,,,,0.378448,-0.000575275
1717,,,,,,,,0.377319,-0.000567371
1718,,,,,,,,0.376312,-0.000560291
1719,,,,,,,,0.375092,-0.000549414
1720,,,,,,,,0.374115,-0.00054411
1721,,,,,,,,0.373108,-0.000540267
1722,,,,,,,,0.371979,-0.000530779
1723,,,,,,,,0.370911,-0.000519784
1724,,,,,,,,0.369873,-0.000515767
1725,,,,,,,,0.368744,-0.000513385
1726,,,,,,,,0.367767,-0.000506028
1727,,,,,,,,0.366638,-0.000498562
1728,,,,,,,,0.365631,-0.000495839
1729,,,,,,,,0.364532,-0.000491696
1730,,,,,,,,0.363464,-0.000481982
1731,,,,,,,,0.362335,-0.000473852
1732,,,,,,,,0.361328,-0.000469922
1733,,,,,,,,0.360229,-0.000463848
1734,,,,,,,,0.359161,-0.000455605
1735,,,,,,,,0.358124,-0.000449047
1736,,,,,,,,0.357025,-0.000445895
1737,,,,,,,,0.355988,-0.00044367
1738,,,,,,,,0.354889,-0.000439239
1739,,,,,,,,0.353821,-0.000436117
1740,,,,,,,,0.352783,-0.000433981
1741,,,,,,,,0.351715,-0.000429186
1742,,,,,,,,0.350677,-0.00042151
1743,,,,,,,,0.349579,-0.000412599
1744,,,,,,,,0.34845,-0.000406976
1745,,,,,,,,0.347473,-0.000403535
1746,,,,,,,,0.346313,-0.000399958
1747,,,,,,,,0.345276,-0.000391782
1748,,,,,,,,0.344238,-0.000382661
1749,,,,,,,,0.34314,-0.000384558
1750,,,,,,,,0.342102,-0.000381814
1751,,,,,,,,0.341003,-0.000373339
1752,,,,,,,,0.339996,-0.000373091
1753,,,,,,,,0.338867,-0.000372457
1754,,,,,,,,0.33783,-0.00036959
1755,,,,,,,,0.336792,-0.000362082
1756,,,,,,,,0.335602,-0.000357132
1757,,,,,,,,0.334564,-0.000361417
1758,,,,,,,,0.333557,-0.000356826
1759,,,,,,,,0.33252,-0.000349444
1760,,,,,,,,0.331421,-0.00034965
1761,,,,,,,,0.330261,-0.000346104
1762,,,,,,,,0.329254,-0.000339908
1763,,,,,,,,0.328247,-0.000337015
1764,,,,,,,,0.327118,-0.000335726
1765,,,,,,,,0.325989,-0.000333017
1766,,,,,,,,0.324982,-0.000328818
1767,,,,,,,,0.323914,-0.000326271
1768,,,,,,,,0.322815,-0.000325697
1769,,,,,,,,0.321808,-0.000322279
1770,,,,,,,,0.32074,-0.000318093
1771,,,,,,,,0.319641,-0.000316679
1772,,,,,,,,0.318542,-0.000316216
1773,,,,,,,,0.317474,-0.000314588
1774,,,,,,,,0.316406,-0.000311949
1775,,,,,,,,0.315308,-0.000310146
1776,,,,,,,,0.314301,-0.000308847
1777,,,,,,,,0.313232,-0.000307414
1778,,,,,,,,0.312164,-0.000304661
1779,,,,,,,,0.311096,-0.00030191
1780,,,,,,,,0.309937,-0.00030138
1781,,,,,,,,0.308929,-0.000299194
1782,,,,,,,,0.307892,-0.000293861
1783,,,,,,,,0.306793,-0.000290169
1784,,,,,,,,0.305725,-0.000289505
1785,,,,,,,,0.304626,-0.000288491
1786,,,,,,,,0.303589,-0.000285161
1787,,,,,,,,0.302521,-0.0002846
1788,,,,,,,,0.301422,-0.000287938
1789,,,,,,,,0.300354,-0.000287622
1790,,,,,,,,0.299347,-0.000284123
1791,,,,,,,,0.298218,-0.000284423
1792,,,,,,,,0.29715,-0.000286772
1793,,,,,,,,0.296112,-0.000285951
1794,,,,,,,,0.295044,-0.000282269
1795,,,,,,,,0.294006,-0.000287149
1796,,,,,,,,0.292877,-0.000294686
1797,,,,,,,,0.291809,-0.000289616
1798,,,,,,,,0.290741,-0.000286047
1799,,,,,,,,0.289703,-0.000292249
1800,,,,,,,,0.288635,-0.000293715
1801,,,,,,,,0.287537,-0.000286114
1802,,,,,,,,0.28653,-0.000285043
1803,,,,,,,,0.285431,-0.000293767
1804,,,,,,,,0.284393,-0.000295795
1805,,,,,,,,0.283325,-0.000289166
1806,,,,,,,,0.282135,-0.000289411
1807,,,,,,,,0.281158,-0.000296079
1808,,,,,,,,0.28009,-0.000296436
1809,,,,,,,,0.279022,-0.000293267
1810,,,,,,,,0.277985,-0.000296779
1811,,,,,,,,0.276825,-0.000300295
1812,,,,,,,,0.275879,-0.000300154
1813,,,,,,,,0.274719,-0.000300202
1814,,,,,,,,0.273651,-0.000299136
1815,,,,,,,,0.272583,-0.000299812
1816,,,,,,,,0.271515,-0.00030308
1817,,,,,,,,0.270416,-0.000304468
1818,,,,,,,,0.269348,-0.000303101
1819,,,,,,,,0.26828,-0.000305431
1820,,,,,,,,0.267181,-0.000309956
1821,,,,,,,,0.266144,-0.00031022
1822,,,,,,,,0.265106,-0.000309683
1823,,,,,,,,0.264038,-0.000312853
1824,,,,,,,,0.262909,-0.000317731
1825,,,,,,,,0.261932,-0.000318472
1826,,,,,,,,0.260864,-0.000317848
1827,,,,,,,,0.259827,-0.000321874
1828,,,,,,,,0.258728,-0.000325189
1829,,,,,,,,0.25769,-0.000324735
1830,,,,,,,,0.256561,-0.000325588
1831,,,,,,,,0.255554,-0.000329495
1832,,,,,,,,0.254395,-0.000333577
1833,,,,,,,,0.253326,-0.000334193
1834,,,,,,,,0.252258,-0.000335176
1835,,,,,,,,0.251251,-0.000339365
1836,,,,,,,,0.250153,-0.000343573
1837,,,,,,,,0.249084,-0.000346938
1838,,,,,,,,0.248047,-0.000349895
1839,,,,,,,,0.246979,-0.000354271
1840,,,,,,,,0.245819,-0.000356425
1841,,,,,,,,0.244781,-0.00036085
1842,,,,,,,,0.243744,-0.000367564
1843,,,,,,,,0.242737,-0.000364577
1844,,,,,,,,0.241608,-0.000364056
1845,,,,,,,,0.240601,-0.000372658
1846,,,,,,,,0.239441,-0.000373899
1847,,,,,,,,0.238434,-0.000369172
1848,,,,,,,,0.237396,-0.000374894
1849,,,,,,,,0.236237,-0.000387073
1850,,,,,,,,0.235229,-0.000392022
1851,,,,,,,,0.234161,-0.000391586
1852,,,,,,,,0.233063,-0.000398478
1853,,,,,,,,0.232025,-0.000407879
1854,,,,,,,,0.230927,-0.000407094
1855,,,,,,,,0.229858,-0.000406482
1856,,,,,,,,0.228821,-0.000417436
1857,,,,,,,,0.227722,-0.000423144
1858,,,,,,,,0.226685,-0.000423394
1859,,,,,,,,0.225586,-0.000432029
1860,,,,,,,,0.224518,-0.00043894
1861,,,,,,,,0.22345,-0.000440538
1862,,,,,,,,0.222412,-0.000444887
1863,,,,,,,,0.221344,-0.000453506
1864,,,,,,,,0.220276,-0.000461024
1865,,,,,,,,0.219177,-0.000464336
1866,,,,,,,,0.218109,-0.000468466
1867,,,,,,,,0.217072,-0.000476158
1868,,,,,,,,0.216034,-0.000482279
1869,,,,,,,,0.214935,-0.000485329
1870,,,,,,,,0.213837,-0.000489215
1871,,,,,,,,0.212738,-0.000495753
1872,,,,,,,,0.211731,-0.000502708
1873,,,,,,,,0.210663,-0.000507135
1874,,,,,,,,0.209564,-0.000509664
1875,,,,,,,,0.208527,-0.000515719
1876,,,,,,,,0.207428,-0.000523796
1877,,,,,,,,0.206329,-0.000527464
1878,,,,,,,,0.205292,-0.000530414
1879,,,,,,,,0.204224,-0.000538539
1880,,,,,,,,0.203217,-0.000548293
1881,,,,,,,,0.202087,-0.000553584
1882,,,,,,,,0.200958,-0.000556106
1883,,,,,,,,0.200012,-0.000564937
1884,,,,,,,,0.198944,-0.000575877
1885,,,,,,,,0.197876,-0.000579315
1886,,,,,,,,0.196777,-0.000584317
1887,,,,,,,,0.195618,-0.000596306
1888,,,,,,,,0.194611,-0.000609814
1889,,,,,,,,0.193573,-0.000606494
1890,,,,,,,,0.192474,-0.000600758
1891,,,,,,,,0.191376,-0.000622428
1892,,,,,,,,0.190308,-0.000640162
1893,,,,,,,,0.18927,-0.000632969
1894,,,,,,,,0.188202,-0.00064089
1895,,,,,,,,0.187134,-0.0006642
1896,,,,,,,,0.186066,-0.000675515
1897,,,,,,,,0.184998,-0.000670483
1898,,,,,,,,0.183929,-0.000671722
1899,,,,,,,,0.182831,-0.000695787
1900,,,,,,,,0.181732,-0.000705656
1901,,,,,,,,0.180664,-0.000696858
1902,,,,,,,,0.179626,-0.000708472
1903,,,,,,,,0.178558,-0.000729519
1904,,,,,,,,0.177582,-0.00074005
1905,,,,,,,,0.176453,-0.000748487
1906,,,,,,,,0.175385,-0.000752423
1907,,,,,,,,0.174316,-0.000764687
1908,,,,,,,,0.173248,-0.000781756
1909,,,,,,,,0.17218,-0.000791129
1910,,,,,,,,0.171051,-0.00080102
1911,,,,,,,,0.169983,-0.000815036
1912,,,,,,,,0.168976,-0.000826151
1913,,,,,,,,0.167847,-0.000825535
1914,,,,,,,,0.16684,-0.000821434
1915,,,,,,,,0.165741,-0.000830773
1916,,,,,,,,0.164642,-0.00084383
1917,,,,,,,,0.163666,-0.000848495
1918,,,,,,,,0.162537,-0.000856873
1919,,,,,,,,0.161469,-0.00087542
1920,,,,,,,,0.160431,-0.000890109
1921,,,,,,,,0.159363,-0.000893773
1922,,,,,,,,0.158264,-0.000901283
1923,,,,,,,,0.157196,-0.000918203
1924,,,,,,,,0.156128,-0.000929569
1925,,,,,,,,0.15506,-0.000933422
1926,,,,,,,,0.153992,-0.000945121
1927,,,,,,,,0.152954,-0.000964082
1928,,,,,,,,0.151886,-0.000977538
1929,,,,,,,,0.150787,-0.000983098
1930,,,,,,,,0.14975,-0.000992116
1931,,,,,,,,0.148621,-0.00100768
1932,,,,,,,,0.147644,-0.00101781
1933,,,,,,,,0.146515,-0.00102242
1934,,,,,,,,0.145447,-0.0010404
1935,,,,,,,,0.14444,-0.00104613
1936,,,,,,,,0.143311,-0.0010364
1937,,,,,,,,0.142212,-0.00106494
1938,,,,,,,,0.141205,-0.00110694
1939,,,,,,,,0.140137,-0.00112594
1940,,,,,,,,0.139038,-0.00115388
1941,,,,,,,,0.138,-0.00119007
1942,,,,,,,,0.136963,-0.00119761
1943,,,,,,,,0.135864,-0.00117396
1944,,,,,,,,0.134796,-0.00115451
1945,,,,,,,,0.133698,-0.00116776
1946,,,,,,,,0.132629,-0.00118029
1947,,,,,,,,0.131622,-0.00118323
1948,,,,,,,,0.130463,-0.00121078
1949,,,,,,,,0.129425,-0.00123782
1950,,,,,,,,0.128387,-0.00123845
1951,,,,,,,,0.12735,-0.00124846
1952,,,,,,,,0.126251,-0.0012665
1953,,,,,,,,0.125153,-0.00127112
1954,,,,,,,,0.124146,-0.00128518
1955,,,,,,,,0.123077,-0.00131048
1956,,,,,,,,0.121887,-0.00132492
1957,,,,,,,,0.12088,-0.00132818
1958,,,,,,,,0.119812,-0.00133877
1959,,,,,,,,0.118744,-0.00135915
1960,,,,,,,,0.117676,-0.00137278
1961,,,,,,,,0.116669,-0.00137824
1962,,,,,,,,0.115509,-0.00139413
1963,,,,,,,,0.114441,-0.00141778
1964,,,,,,,,0.113403,-0.00142934
1965,,,,,,,,0.112335,-0.00143559
1966,,,,,,,,0.111267,-0.0014494
1967,,,,,,,,0.110138,-0.00146804
1968,,,,,,,,0.10907,-0.0014801
1969,,,,,,,,0.108002,-0.00148309
1970,,,,,,,,0.107025,-0.00149126
1971,,,,,,,,0.105957,-0.0015128
1972,,,,,,,,0.104828,-0.00153073
1973,,,,,,,,0.10376,-0.00153661
1974,,,,,,,,0.102722,-0.00154725
1975,,,,,,,,0.101593,-0.00156883
1976,,,,,,,,0.100555,-0.0015883
1977,,,,,,,,0.0995178,-0.00159132
1978,,,,,,,,0.0984802,-0.00159687
1979,,,,,,,,0.0974121,-0.00162357
1980,,,,,,,,0.096344,-0.00164798
1981,,,,,,,,0.0952148,-0.00164141
1982,,,,,,,,0.0941772,-0.00163287
1983,,,,,,,,0.0931091,-0.00167735
1984,,,,,,,,0.0921021,-0.00171382
1985,,,,,,,,0.0909424,-0.00168369
1986,,,,,,,,0.0899048,-0.0016819
1987,,,,,,,,0.0888062,-0.00173419
1988,,,,,,,,0.0878296,-0.0017399
1989,,,,,,,,0.0867615,-0.00170736
1990,,,,,,,,0.0856628,-0.00171182
1991,,,,,,,,0.0845947,-0.00176238
1992,,,,,,,,0.0834656,-0.00178553
1993,,,,,,,,0.0823975,-0.0017603
1994,,,,,,,,0.0813293,-0.00177917
1995,,,,,,,,0.0802612,-0.00182717
1996,,,,,,,,0.0791931,-0.00182453
1997,,,,,,,,0.0781555,-0.00181565
1998,,,,,,,,0.0770874,-0.00183507
1999,,,,,,,,0.0760193,-0.00185633
2000,,,,,,,,0.0749207,-0.00187152
2001,,,,,,,,0.0739136,-0.00187285
2002,,,,,,,,0.0727844,-0.0018763
2003,,,,,,,,0.0717468,-0.00188895
2004,,,,,,,,0.0706482,-0.00189839
2005,,,,,,,,0.0696411,-0.00189613
2006,,,,,,,,0.0685425,-0.00189937
2007,,,,,,,,0.0674438,-0.00192338
2008,,,,,,,,0.0663757,-0.00193937
2009,,,,,,,,0.0653687,-0.00193758
2010,,,,,,,,0.06427,-0.00194872
2011,,,,,,,,0.0632629,-0.00196944
2012,,,,,,,,0.0620422,-0.00197732
2013,,,,,,,,0.0610352,-0.00197235
2014,,,,,,,,0.0600281,-0.00197851
2015,,,,,,,,0.0589294,-0.00200233
2016,,,,,,,,0.0578613,-0.00200755
2017,,,,,,,,0.0567627,-0.00200065
2018,,,,,,,,0.0557556,-0.0020129
2019,,,,,,,,0.0546875,-0.00203416
2020,,,,,,,,0.0536194,-0.0020391
2021,,,,,,,,0.0524902,-0.00203413
2022,,,,,,,,0.0515137,-0.00204468
2023,,,,,,,,0.0503845,-0.00205947
2024,,,,,,,,0.0492798,-0.00205537
2025,,,,,,,,0.0482208,-0.00205096
2026,,,,,,,,0.0471802,-0.00206494
2027,,,,,,,,0.0460999,-0.00208547
2028,,,,,,,,0.0450012,-0.00207291
2029,,,,,,,,0.0439697,-0.00207978
2030,,,,,,,,0.0428986,-0.00211875
2031,,,,,,,,0.0418121,-0.00210147
2032,,,,,,,,0.0407318,-0.002087
2033,,,,,,,,0.0396881,-0.00210299
2034,,,,,,,,0.03862,-0.00211207
2035,,,,,,,,0.0375244,-0.00211937
2036,,,,,,,,0.0364319,-0.0021091
2037,,,,,,,,0.0353943,-0.00212173
2038,,,,,,,,0.0343353,-0.00214047
2039,,,,,,,,0.0332245,-0.00211613
2040,,,,,,,,0.0321869,-0.00211097
2041,,,,,,,,0.0311066,-0.00211414
2042,,,,,,,,0.0300659,-0.0021084
2043,,,,,,,,0.0289825,-0.0021171
2044,,,,,,,,0.0279114,-0.00211423
2045,,,,,,,,0.0268585,-0.00210339
2046,,,,,,,,0.0258057,-0.0021088
2047,,,,,,,,0.024704,-0.00212457
2048,,,,,,,,0.0236328,-0.002117
2049,,,,,,,,0.0225983,-0.00210221
2050,,,,,,,,0.021524,-0.00211254
2051,,,,,,,,0.0204102,-0.0021233
2052,,,,,,,,0.0193604,-0.00210949
2053,,,,,,,,0.0183197,-0.00209667
2054,,,,,,,,0.0172455,-0.00210509
2055,,,,,,,,0.0161438,-0.00211276
2056,,,,,,,,0.0150909,-0.00210268
2057,,,,,,,,0.014035,-0.00209536
2058,,,,,,,,0.0129791,-0.00210499
2059,,,,,,,,0.0118683,-0.0021084
2060,,,,,,,,0.0108093,-0.0020968
2061,,,,,,,,0.00977478,-0.00208945
2062,,,,,,,,0.00870361,-0.00209557
2063,,,,,,,,0.00762634,-0.00209959
2064,,,,,,,,0.00654602,-0.00209008
2065,,,,,,,,0.00550232,-0.00208181
2066,,,,,,,,0.00444031,-0.00208386
2067,,,,,,,,0.00333557,-0.00208426
2068,,,,,,,,0.0022583,-0.00207445
2069,,,,,,,,0.00122375,-0.00206527
2070,,,,,,,,0.000152588,-0.00206785
2071,,,,,,,,-0.000930786,-0.00207087
2072,,,,,,,,-0.002005,-0.0020579
2073,,,,,,,,-0.0030426,-0.00204449
2074,,,,,,,,-0.00409546,-0.00203546
2075,,,,,,,,-0.0052124,-0.00204758
2076,,,,,,,,-0.00627441,-0.00206132
2077,,,,,,,,-0.00727539,-0.00202628
2078,,,,,,,,-0.00838013,-0.00200272
2079,,,,,,,,-0.0094696,-0.00202397
2080,,,,,,,,-0.0105164,-0.00200946
2081,,,,,,,,-0.0115509,-0.00195894
2082,,,,,,,,-0.0126465,-0.00195835
2083,,,,,,,,-0.0136871,-0.00200687
2084,,,,,,,,-0.0147858,-0.00199417
2085,,,,,,,,-0.0158173,-0.00192947
2086,,,,,,,,-0.0168945,-0.00194981
2087,,,,,,,,-0.0179901,-0.00198235
2088,,,,,,,,-0.0190643,-0.0019412
2089,,,,,,,,-0.0200867,-0.00190351
2090,,,,,,,,-0.021167,-0.00191951
2091,,,,,,,,-0.0222626,-0.00193087
2092,,,,,,,,-0.0233124,-0.00188808
2093,,,,,,,,-0.0243591,-0.00187012
2094,,,,,,,,-0.0254578,-0.00190217
2095,,,,,,,,-0.0265045,-0.00189327
2096,,,,,,,,-0.0275696,-0.00186474
2097,,,,,,,,-0.0286377,-0.00186318
2098,,,,,,,,-0.0296875,-0.00185842
2099,,,,,,,,-0.0307709,-0.00184714
2100,,,,,,,,-0.0318359,-0.00183267
2101,,,,,,,,-0.0328735,-0.00182161
2102,,,,,,,,-0.0339478,-0.00181645
2103,,,,,,,,-0.0350311,-0.00180861
2104,,,,,,,,-0.0360962,-0.00179205
2105,,,,,,,,-0.0371429,-0.00177961
2106,,,,,,,,-0.0382324,-0.00177543
2107,,,,,,,,-0.0393372,-0.00176835
2108,,,,,,,,-0.0403717,-0.00175287
2109,,,,,,,,-0.0414032,-0.00174241
2110,,,,,,,,-0.0424866,-0.001742
2111,,,,,,,,-0.0435455,-0.00173309
2112,,,,,,,,-0.0446503,-0.00171146
2113,,,,,,,,-0.0456787,-0.00169572
2114,,,,,,,,-0.0467346,-0.00169341
2115,,,,,,,,-0.0478455,-0.00168492
2116,,,,,,,,-0.0488953,-0.00166431
2117,,,,,,,,-0.0499878,-0.00165451
2118,,,,,,,,-0.0510254,-0.00165482
2119,,,,,,,,-0.0520935,-0.0016417
2120,,,,,,,,-0.0532227,-0.00161789
2121,,,,,,,,-0.0541687,-0.00160654
2122,,,,,,,,-0.0552979,-0.00161348
2123,,,,,,,,-0.0563965,-0.00159172
2124,,,,,,,,-0.0574341,-0.00155557
2125,,,,,,,,-0.0585022,-0.0015672
2126,,,,,,,,-0.0596008,-0.00157819
2127,,,,,,,,-0.0606079,-0.00154743
2128,,,,,,,,-0.061676,-0.00153083
2129,,,,,,,,-0.0628052,-0.0015395
2130,,,,,,,,-0.0638428,-0.0015428
2131,,,,,,,,-0.0649414,-0.001516
2132,,,,,,,,-0.065979,-0.00148875
2133,,,,,,,,-0.0670776,-0.00149621
2134,,,,,,,,-0.0680847,-0.00148646
2135,,,,,,,,-0.0691833,-0.0014511
2136,,,,,,,,-0.0702515,-0.00143848
2137,,,,,,,,-0.0712891,-0.00143902
2138,,,,,,,,-0.0723877,-0.00143388
2139,,,,,,,,-0.0733948,-0.00142521
2140,,,,,,,,-0.0745239,-0.00140807
2141,,,,,,,,-0.0755615,-0.00139631
2142,,,,,,,,-0.0765991,-0.00139246
2143,,,,,,,,-0.0777283,-0.00138013
2144,,,,,,,,-0.0787964,-0.00135933
2145,,,,,,,,-0.079834,-0.00134997
2146,,,,,,,,-0.0808105,-0.00134784
2147,,,,,,,,-0.0819702,-0.00133374
2148,,,,,,,,-0.0830383,-0.00131617
2149,,,,,,,,-0.0840759,-0.00131048
2150,,,,,,,,-0.0851135,-0.00130572
2151,,,,,,,,-0.0862427,-0.00128998
2152,,,,,,,,-0.0873718,-0.00127305
2153,,,,,,,,-0.0883484,-0.00126762
2154,,,,,,,,-0.0894165,-0.00126376
2155,,,,,,,,-0.0905151,-0.00124919
2156,,,,,,,,-0.0915527,-0.00123601
2157,,,,,,,,-0.0926819,-0.00123155
2158,,,,,,,,-0.0936279,-0.00122456
2159,,,,,,,,-0.0947876,-0.00121049
2160,,,,,,,,-0.0958557,-0.00119825
2161,,,,,,,,-0.0968933,-0.00119413
2162,,,,,,,,-0.0979919,-0.00118928
2163,,,,,,,,-0.098999,-0.00117503
2164,,,,,,,,-0.100128,-0.00116141
2165,,,,,,,,-0.101135,-0.00115519
2166,,,,,,,,-0.102234,-0.00114894
2167,,,,,,,,-0.103271,-0.00113533
2168,,,,,,,,-0.10434,-0.00112792
2169,,,,,,,,-0.105438,-0.0011178
2170,,,,,,,,-0.106445,-0.00109789
2171,,,,,,,,-0.107605,-0.00109403
2172,,,,,,,,-0.108612,-0.00109269
2173,,,,,,,,-0.10965,-0.00107836
2174,,,,,,,,-0.110779,-0.00107308
2175,,,,,,,,-0.111847,-0.00107445
2176,,,,,,,,-0.112946,-0.0010673
2177,,,,,,,,-0.113983,-0.00104912
2178,,,,,,,,-0.115051,-0.00103483
2179,,,,,,,,-0.116119,-0.00103569
2180,,,,,,,,-0.117157,-0.00102642
2181,,,,,,,,-0.118225,-0.00100783
2182,,,,,,,,-0.119263,-0.00100514
2183,,,,,,,,-0.120422,-0.00100504
2184,,,,,,,,-0.121429,-0.000993359
2185,,,,,,,,-0.122498,-0.000988698
2186,,,,,,,,-0.123505,-0.000986518
2187,,,,,,,,-0.124573,-0.000973549
2188,,,,,,,,-0.125671,-0.000961698
2189,,,,,,,,-0.126709,-0.000955388
2190,,,,,,,,-0.127838,-0.000946001
2191,,,,,,,,-0.128876,-0.000932997
2192,,,,,,,,-0.129913,-0.00092492
2193,,,,,,,,-0.130981,-0.000924241
2194,,,,,,,,-0.13208,-0.00092009
2195,,,,,,,,-0.133209,-0.000910175
2196,,,,,,,,-0.134186,-0.000905591
2197,,,,,,,,-0.135284,-0.000903799
2198,,,,,,,,-0.136322,-0.000896777
2199,,,,,,,,-0.137451,-0.00088772
2200,,,,,,,,-0.138489,-0.00088001
2201,,,,,,,,-0.139557,-0.000875216
2202,,,,,,,,-0.140656,-0.000868594
2203,,,,,,,,-0.141693,-0.00085869
2204,,,,,,,,-0.1427,-0.000852236
2205,,,,,,,,-0.143768,-0.000848769
2206,,,,,,,,-0.144867,-0.000842907
2207,,,,,,,,-0.145905,-0.000834692
2208,,,,,,,,-0.147034,-0.000827507
2209,,,,,,,,-0.148102,-0.000824227
2210,,,,,,,,-0.14917,-0.000820331
2211,,,,,,,,-0.150208,-0.000812789
2212,,,,,,,,-0.151276,-0.000808208
2213,,,,,,,,-0.152374,-0.000807067
2214,,,,,,,,-0.153412,-0.000802953
2215,,,,,,,,-0.154449,-0.000793947
2216,,,,,,,,-0.155548,-0.000783702
2217,,,,,,,,-0.156647,-0.000785202
2218,,,,,,,,-0.157684,-0.000788095
2219,,,,,,,,-0.158752,-0.000775155
2220,,,,,,,,-0.15976,-0.000768226
2221,,,,,,,,-0.160889,-0.0007744
2222,,,,,,,,-0.161957,-0.000768392
2223,,,,,,,,-0.163055,-0.000749707
2224,,,,,,,,-0.164063,-0.000743742
2225,,,,,,,,-0.165161,-0.000755177
2226,,,,,,,,-0.166229,-0.000750699
2227,,,,,,,,-0.167267,-0.000732713
2228,,,,,,,,-0.168304,-0.000732742
2229,,,,,,,,-0.169373,-0.000740032
2230,,,,,,,,-0.170471,-0.000732143
2231,,,,,,,,-0.17157,-0.000719518
2232,,,,,,,,-0.172607,-0.00072333
2233,,,,,,,,-0.173645,-0.000726602
2234,,,,,,,,-0.174744,-0.000715361
2235,,,,,,,,-0.175812,-0.000709052
2236,,,,,,,,-0.17688,-0.000707939
2237,,,,,,,,-0.177917,-0.000703873
2238,,,,,,,,-0.178986,-0.000698919
2239,,,,,,,,-0.180023,-0.000692983
2240,,,,,,,,-0.181091,-0.000690014
2241,,,,,,,,-0.18219,-0.000687716
2242,,,,,,,,-0.183289,-0.000684581
2243,,,,,,,,-0.184265,-0.000681141
2244,,,,,,,,-0.185364,-0.000677415
2245,,,,,,,,-0.186432,-0.000676025
2246,,,,,,,,-0.187531,-0.00067325
2247,,,,,,,,-0.188568,-0.000668734
2248,,,,,,,,-0.189667,-0.000667396
2249,,,,,,,,-0.190704,-0.000668065
2250,,,,,,,,-0.191803,-0.000665421
2251,,,,,,,,-0.192841,-0.00066045
2252,,,,,,,,-0.193909,-0.000657638
2253,,,,,,,,-0.195068,-0.000656373
2254,,,,,,,,-0.196075,-0.000651723
2255,,,,,,,,-0.197144,-0.000646775
2256,,,,,,,,-0.198151,-0.00064744
2257,,,,,,,,-0.19928,-0.000648656
2258,,,,,,,,-0.200317,-0.000646818
2259,,,,,,,,-0.201416,-0.000643737
2260,,,,,,,,-0.202484,-0.000642784
2261,,,,,,,,-0.203522,-0.000641471
2262,,,,,,,,-0.20462,-0.000634919
2263,,,,,,,,-0.205658,-0.00063348
2264,,,,,,,,-0.206726,-0.000638197
2265,,,,,,,,-0.207794,-0.000634385
2266,,,,,,,,-0.208862,-0.000629392
2267,,,,,,,,-0.209961,-0.000630974
2268,,,,,,,,-0.210968,-0.000634145
2269,,,,,,,,-0.212036,-0.000634375
2270,,,,,,,,-0.213135,-0.000630693
2271,,,,,,,,-0.214172,-0.000631192
2272,,,,,,,,-0.215271,-0.000632268
2273,,,,,,,,-0.216278,-0.000626758
2274,,,,,,,,-0.217346,-0.00062454
2275,,,,,,,,-0.218445,-0.000628094
2276,,,,,,,,-0.219482,-0.000631142
2277,,,,,,,,-0.220551,-0.000631875
2278,,,,,,,,-0.221619,-0.000629573
2279,,,,,,,,-0.222748,-0.000627864
2280,,,,,,,,-0.223846,-0.000628895
2281,,,,,,,,-0.224884,-0.000631467
2282,,,,,,,,-0.225891,-0.000632303
2283,,,,,,,,-0.226929,-0.000631863
2284,,,,,,,,-0.228058,-0.000633827
2285,,,,,,,,-0.229126,-0.00063552
2286,,,,,,,,-0.230225,-0.000633607
2287,,,,,,,,-0.231232,-0.000633985
2288,,,,,,,,-0.23233,-0.000639044
2289,,,,,,,,-0.233368,-0.000641518
2290,,,,,,,,-0.234497,-0.000639931
2291,,,,,,,,-0.235535,-0.000640133
2292,,,,,,,,-0.236542,-0.00064341
2293,,,,,,,,-0.237579,-0.000646346
2294,,,,,,,,-0.238708,-0.000646859
2295,,,,,,,,-0.239807,-0.000648758
2296,,,,,,,,-0.240875,-0.000652888
2297,,,,,,,,-0.242004,-0.00065421
2298,,,,,,,,-0.24295,-0.00065416
2299,,,,,,,,-0.244049,-0.000657642
2300,,,,,,,,-0.245056,-0.000662661
2301,,,,,,,,-0.246155,-0.000666912
2302,,,,,,,,-0.247162,-0.000669858
2303,,,,,,,,-0.248322,-0.000673269
2304,,,,,,,,-0.249359,-0.000678338
2305,,,,,,,,-0.250397,-0.000683254
2306,,,,,,,,-0.251434,-0.000686896
2307,,,,,,,,-0.252563,-0.000692348
2308,,,,,,,,-0.253632,-0.000696279
2309,,,,,,,,-0.2547,-0.00069969
2310,,,,,,,,-0.255768,-0.000706696
2311,,,,,,,,-0.256805,-0.000709912
2312,,,,,,,,-0.257904,-0.000713465
2313,,,,,,,,-0.258972,-0.000722452
2314,,,,,,,,-0.26001,-0.000728891
2315,,,,,,,,-0.261108,-0.000730993
2316,,,,,,,,-0.262115,-0.000733716
2317,,,,,,,,-0.263245,-0.000743194
2318,,,,,,,,-0.264282,-0.000752675
2319,,,,,,,,-0.26535,-0.000756302
2320,,,,,,,,-0.266449,-0.000765536
2321,,,,,,,,-0.267487,-0.000777296
2322,,,,,,,,-0.268585,-0.000782515
2323,,,,,,,,-0.269562,-0.000784597
2324,,,,,,,,-0.27066,-0.000791494
2325,,,,,,,,-0.271729,-0.00080063
2326,,,,,,,,-0.272858,-0.000805231
2327,,,,,,,,-0.273865,-0.000811306
2328,,,,,,,,-0.274963,-0.000820347
2329,,,,,,,,-0.276031,-0.000826345
2330,,,,,,,,-0.27713,-0.000830358
2331,,,,,,,,-0.278107,-0.000835772
2332,,,,,,,,-0.279266,-0.000843799
2333,,,,,,,,-0.280273,-0.000851862
2334,,,,,,,,-0.281342,-0.000859915
2335,,,,,,,,-0.28241,-0.000869842
2336,,,,,,,,-0.283478,-0.000880271
2337,,,,,,,,-0.284576,-0.000888949
2338,,,,,,,,-0.285614,-0.000895793
2339,,,,,,,,-0.286682,-0.000902292
2340,,,,,,,,-0.287781,-0.00091042
2341,,,,,,,,-0.288818,-0.000918888
2342,,,,,,,,-0.289886,-0.000925301
2343,,,,,,,,-0.290955,-0.000932906
2344,,,,,,,,-0.292023,-0.000943319
2345,,,,,,,,-0.29306,-0.000952097
2346,,,,,,,,-0.294159,-0.000955735
2347,,,,,,,,-0.295227,-0.000989874
2348,,,,,,,,-0.296295,-0.00102417
2349,,,,,,,,-0.297394,-0.000986154
2350,,,,,,,,-0.298401,-0.000878372
2351,,,,,,,,-0.2995,-0.000722012
2352,,,,,,,,-0.298431,-0.000541198
2353,,,,,,,,-0.297333,-0.000357993
2354,,,,,,,,-0.296326,-0.000204734
2355,,,,,,,,-0.295197,-0.000135259
2356,,,,,,,,-0.294067,-0.00011017
2357,,,,,,,,-0.293091,-7.78365e-05
2358,,,,,,,,-0.291992,-4.75958e-05
2359,,,,,,,,-0.290924,-2.94674e-05
2360,,,,,,,,-0.289856,-1.56864e-05
2361,,,,,,,,-0.288818,3.87675e-06
2362,,,,,,,,-0.28775,2.33301e-05
2363,,,,,,,,-0.286652,3.61465e-05
2364,,,,,,,,-0.285614,4.5068e-05
2365,,,,,,,,-0.284576,5.13129e-05
2366,,,,,,,,-0.283508,6.01446e-05
2367,,,,,,,,-0.28244,6.04945e-05
2368,,,,,,,,-0.281342,6.2104e-05
2369,,,,,,,,-0.280273,6.92229e-05
2370,,,,,,,,-0.279236,7.44289e-05
2371,,,,,,,,-0.278107,7.55691e-05
2372,,,,,,,,-0.27713,7.58596e-05
2373,,,,,,,,-0.276062,7.73706e-05
2374,,,,,,,,-0.274933,7.85252e-05
2375,,,,,,,,-0.273895,7.78041e-05
2376,,,,,,,,-0.272858,7.65453e-05
2377,,,,,,,,-0.27179,7.58948e-05
2378,,,,,,,,-0.270752,7.55172e-05
2379,,,,,,,,-0.269623,7.37215e-05
2380,,,,,,,,-0.268524,7.15615e-05
2381,,,,,,,,-0.267487,7.20916e-05
2382,,,,,,,,-0.266418,7.31598e-05
2383,,,,,,,,-0.26535,6.96745e-05
2384,,,,,,,,-0.264282,6.48641e-05
2385,,,,,,,,-0.263214,6.35235e-05
2386,,,,,,,,-0.262177,6.18274e-05
2387,,,,,,,,-0.261047,5.87848e-05
2388,,,,,,,,-0.26001,5.78151e-05
2389,,,,,,,,-0.258911,5.95974e-05
2390,,,,,,,,-0.257935,5.78202e-05
2391,,,,,,,,-0.256805,5.09551e-05
2392,,,,,,,,-0.255737,4.78128e-05
2393,,,,,,,,-0.2547,4.96558e-05
2394,,,,,,,,-0.253662,4.94736e-05
2395,,,,,,,,-0.252563,4.78557e-05
2396,,,,,,,,-0.251556,4.77935e-05
2397,,,,,,,,-0.250427,4.59689e-05
2398,,,,,,,,-0.249359,4.11376e-05
2399,,,,,,,,-0.248322,3.73335e-05
2400,,,,,,,,-0.247253,3.72668e-05
2401,,,,,,,,-0.246185,3.90472e-05
2402,,,,,,,,-0.245117,3.52953e-05
2403,,,,,,,,-0.24408,3.2223e-05
2404,,,,,,,,-0.24295,3.37671e-05
2405,,,,,,,,-0.241852,3.04981e-05
2406,,,,,,,,-0.240875,2.7534e-05
2407,,,,,,,,-0.239807,2.96625e-05
2408,,,,,,,,-0.238708,3.01893e-05
2409,,,,,,,,-0.237671,2.70373e-05
2410,,,,,,,,-0.236633,2.22175e-05
2411,,,,,,,,-0.235535,2.24311e-05
2412,,,,,,,,-0.234406,2.55973e-05
2413,,,,,,,,-0.233368,2.50965e-05
2414,,,,,,,,-0.232361,2.5603e-05
2415,,,,,,,,-0.231262,2.56647e-05
2416,,,,,,,,-0.230194,2.31385e-05
2417,,,,,,,,-0.229095,2.23839e-05
2418,,,,,,,,-0.228058,2.36721e-05
2419,,,,,,,,-0.22699,2.41725e-05
2420,,,,,,,,-0.225952,2.42647e-05
2421,,,,,,,,-0.224854,2.45947e-05
2422,,,,,,,,-0.223816,2.28503e-05
2423,,,,,,,,-0.222748,1.90585e-05
2424,,,,,,,,-0.221649,1.97087e-05
2425,,,,,,,,-0.220612,2.44164e-05
2426,,,,,,,,-0.219543,2.68554e-05
2427,,,,,,,,-0.218445,2.60328e-05
2428,,,,,,,,-0.217407,2.4336e-05
2429,,,,,,,,-0.21637,2.43666e-05
2430,,,,,,,,-0.21524,2.51685e-05
2431,,,,,,,,-0.214172,2.569e-05
2432,,,,,,,,-0.213104,2.7271e-05
2433,,,,,,,,-0.212067,2.95991e-05
2434,,,,,,,,-0.210999,3.11937e-05
2435,,,,,,,,-0.209869,3.14362e-05
2436,,,,,,,,-0.208862,3.20599e-05
2437,,,,,,,,-0.207825,3.55492e-05
2438,,,,,,,,-0.206726,3.83957e-05
2439,,,,,,,,-0.205688,3.85864e-05
2440,,,,,,,,-0.20462,3.85333e-05
2441,,,,,,,,-0.203522,3.86859e-05
2442,,,,,,,,-0.202454,4.01777e-05
2443,,,,,,,,-0.201385,4.17975e-05
2444,,,,,,,,-0.200317,4.38239e-05
2445,,,,,,,,-0.199249,4.76994e-05
2446,,,,,,,,-0.198181,5.01983e-05
2447,,,,,,,,-0.197113,5.13578e-05
2448,,,,,,,,-0.196075,5.21434e-05
2449,,,,,,,,-0.194977,5.77461e-05
2450,,,,,,,,-0.193909,6.70741e-05
2451,,,,,,,,-0.192871,6.62546e-05
2452,,,,,,,,-0.191772,6.20107e-05
2453,,,,,,,,-0.190704,6.93468e-05
2454,,,,,,,,-0.189636,7.49487e-05
2455,,,,,,,,-0.188599,6.81771e-05
2456,,,,,,,,-0.187561,6.76207e-05
2457,,,,,,,,-0.186493,7.85345e-05
2458,,,,,,,,-0.185364,8.53591e-05
2459,,,,,,,,-0.184326,8.09146e-05
2460,,,,,,,,-0.183258,7.88282e-05
2461,,,,,,,,-0.18222,8.99713e-05
2462,,,,,,,,-0.181091,9.54471e-05
2463,,,,,,,,-0.180054,9.05992e-05
2464,,,,,,,,-0.178986,9.54192e-05
2465,,,,,,,,-0.177948,0.000103916
2466,,,,,,,,-0.17688,0.000106882
2467,,,,,,,,-0.175781,0.000107972
2468,,,,,,,,-0.174744,0.00010998
2469,,,,,,,,-0.173706,0.00011589
2470,,,,,,,,-0.172729,0.00012121
2471,,,,,,,,-0.171539,0.000123783
2472,,,,,,,,-0.170441,0.000127052
2473,,,,,,,,-0.169342,0.000132396
2474,,,,,,,,-0.168335,0.000137514
2475,,,,,,,,-0.167267,0.000140551
2476,,,,,,,,-0.166199,0.000143547
2477,,,,,,,,-0.1651,0.000150761
2478,,,,,,,,-0.164032,0.00015725
2479,,,,,,,,-0.163055,0.000157598
2480,,,,,,,,-0.161926,0.000159179
2481,,,,,,,,-0.160889,0.00016637
2482,,,,,,,,-0.15979,0.000172317
2483,,,,,,,,-0.158752,0.000175354
2484,,,,,,,,-0.157745,0.000181099
2485,,,,,,,,-0.156586,0.000191118
2486,,,,,,,,-0.155548,0.000196879
2487,,,,,,,,-0.154449,0.000196777
2488,,,,,,,,-0.153442,0.00020192
2489,,,,,,,,-0.152283,0.000212206
2490,,,,,,,,-0.151245,0.00021705
2491,,,,,,,,-0.150208,0.00021841
2492,,,,,,,,-0.149139,0.000225063
2493,,,,,,,,-0.148071,0.000234355
2494,,,,,,,,-0.146973,0.000238727
2495,,,,,,,,-0.145966,0.000239995
2496,,,,,,,,-0.144867,0.000251574
2497,,,,,,,,-0.143829,0.000259495
2498,,,,,,,,-0.142822,0.000253618
2499,,,,,,,,-0.141663,0.000261099
2500,,,,,,,,-0.140625,0.000277273
2501,,,,,,,,-0.139496,0.00027981
2502,,,,,,,,-0.138489,0.000283895
2503,,,,,,,,-0.13739,0.000298618
2504,,,,,,,,-0.136322,0.000309288
2505,,,,,,,,-0.135284,0.000309953
2506,,,,,,,,-0.134216,0.000309746
2507,,,,,,,,-0.133148,0.000321835
2508,,,,,,,,-0.13208,0.000333363
2509,,,,,,,,-0.131042,0.000334531
2510,,,,,,,,-0.129913,0.000342722
2511,,,,,,,,-0.128876,0.000355125
2512,,,,,,,,-0.127838,0.000358259
2513,,,,,,,,-0.12677,0.000366332
2514,,,,,,,,-0.125671,0.000376212
2515,,,,,,,,-0.124664,0.000379744
2516,,,,,,,,-0.123627,0.000389489
2517,,,,,,,,-0.122467,0.000401997
2518,,,,,,,,-0.12149,0.000407237
2519,,,,,,,,-0.120361,0.000410447
2520,,,,,,,,-0.119293,0.000421676
2521,,,,,,,,-0.118195,0.000435665
2522,,,,,,,,-0.117126,0.000442408
2523,,,,,,,,-0.116058,0.00044641
2524,,,,,,,,-0.115021,0.000456164
2525,,,,,,,,-0.113953,0.000466717
2526,,,,,,,,-0.112854,0.000472406
2527,,,,,,,,-0.111816,0.000479218
2528,,,,,,,,-0.110748,0.000492715
2529,,,,,,,,-0.10965,0.000506177
2530,,,,,,,,-0.108612,0.000512215
2531,,,,,,,,-0.107574,0.000516282
2532,,,,,,,,-0.106537,0.000526426
2533,,,,,,,,-0.105377,0.000538777
2534,,,,,,,,-0.10434,0.000547385
2535,,,,,,,,-0.103302,0.000554461
2536,,,,,,,,-0.102203,0.000564377
2537,,,,,,,,-0.101196,0.000578103
2538,,,,,,,,-0.100037,0.000587683
2539,,,,,,,,-0.0990601,0.000592034
2540,,,,,,,,-0.0979614,0.000604167
2541,,,,,,,,-0.0968628,0.000621335
2542,,,,,,,,-0.0957947,0.000637686
2543,,,,,,,,-0.0947571,0.000638212
2544,,,,,,,,-0.0937195,0.000630531
2545,,,,,,,,-0.0926819,0.000654043
2546,,,,,,,,-0.0915527,0.000681249
2547,,,,,,,,-0.0904846,0.000671933
2548,,,,,,,,-0.089447,0.000676268
2549,,,,,,,,-0.0884094,0.000716199
2550,,,,,,,,-0.0872498,0.000734169
2551,,,,,,,,-0.0862427,0.000712078
2552,,,,,,,,-0.0851746,0.000717235
2553,,,,,,,,-0.0841064,0.000766748
2554,,,,,,,,-0.0830383,0.00077691
2555,,,,,,,,-0.0819702,0.00075151
2556,,,,,,,,-0.0809326,0.000763984
2557,,,,,,,,-0.0798645,0.000800495
2558,,,,,,,,-0.0787354,0.000804381
2559,,,,,,,,-0.0777283,0.000799099
2560,,,,,,,,-0.0766296,0.000831798
2561,,,,,,,,-0.075592,0.000864698
2562,,,,,,,,-0.0744629,0.000863529
2563,,,,,,,,-0.0733948,0.000864459
2564,,,,,,,,-0.0724182,0.000880821
2565,,,,,,,,-0.0712891,0.000896487
2566,,,,,,,,-0.0702209,0.000907302
2567,,,,,,,,-0.0691528,0.000915785
2568,,,,,,,,-0.0681152,0.000929561
2569,,,,,,,,-0.0670166,0.000945038
2570,,,,,,,,-0.0659485,0.000956306
2571,,,,,,,,-0.0649109,0.000963189
2572,,,,,,,,-0.0638733,0.000977281
2573,,,,,,,,-0.0627747,0.000999255
2574,,,,,,,,-0.0616455,0.00101234
2575,,,,,,,,-0.0606384,0.00101842
2576,,,,,,,,-0.0596008,0.00103244
2577,,,,,,,,-0.0585327,0.00105106
2578,,,,,,,,-0.057373,0.00106198
2579,,,,,,,,-0.0563354,0.00107037
2580,,,,,,,,-0.0553589,0.00108996
2581,,,,,,,,-0.0542603,0.00111336
2582,,,,,,,,-0.0532227,0.00112217
2583,,,,,,,,-0.0520935,0.00112625
2584,,,,,,,,-0.0510559,0.00114301
2585,,,,,,,,-0.0499573,0.00116147
2586,,,,,,,,-0.048877,0.00116873
2587,,,,,,,,-0.047818,0.00117788
2588,,,,,,,,-0.046756,0.00119984
2589,,,,,,,,-0.0456848,0.00122409
2590,,,,,,,,-0.0446167,0.00122233
2591,,,,,,,,-0.0435516,0.00123597
2592,,,,,,,,-0.0424988,0.00128448
2593,,,,,,,,-0.0414429,0.00128964
2594,,,,,,,,-0.0403503,0.00127719
2595,,,,,,,,-0.0393036,0.00130223
2596,,,,,,,,-0.0382172,0.00133427
2597,,,,,,,,-0.0371399,0.00135246
2598,,,,,,,,-0.0360748,0.00135193
2599,,,,,,,,-0.035025,0.00136708
2600,,,,,,,,-0.0339752,0.00139774
2601,,,,,,,,-0.0328705,0.00139014
2602,,,,,,,,-0.0318115,0.00138307
2603,,,,,,,,-0.0307709,0.00140664
2604,,,,,,,,-0.0296967,0.00143219
2605,,,,,,,,-0.0286163,0.00145455
2606,,,,,,,,-0.0275635,0.00146603
2607,,,,,,,,-0.026532,0.00147075
2608,,,,,,,,-0.0254486,0.00149394
2609,,,,,,,,-0.0243683,0.00152197
2610,,,,,,,,-0.0232788,0.00152861
2611,,,,,,,,-0.0222534,0.00153518
2612,,,,,,,,-0.0211792,0.00156177
2613,,,,,,,,-0.0200867,0.00158626
2614,,,,,,,,-0.0190338,0.00158845
2615,,,,,,,,-0.0179932,0.00159367
2616,,,,,,,,-0.016925,0.00162178
2617,,,,,,,,-0.0158386,0.00164237
2618,,,,,,,,-0.0147552,0.00164554
2619,,,,,,,,-0.0137177,0.00165606
2620,,,,,,,,-0.0126495,0.00167951
2621,,,,,,,,-0.011554,0.00169763
2622,,,,,,,,-0.0105042,0.00169618
2623,,,,,,,,-0.00948486,0.00170499
2624,,,,,,,,-0.00838928,0.00173503
2625,,,,,,,,-0.0072937,0.00175471
2626,,,,,,,,-0.00624084,0.00176695
2627,,,,,,,,-0.00522766,0.00178154
2628,,,,,,,,-0.00412598,0.00179938
2629,,,,,,,,-0.00305786,0.00181795
2630,,,,,,,,-0.00198975,0.00182794
2631,,,,,,,,-0.000927734,0.00184391
2632,,,,,,,,0.000125122,0.00186435
